{"0": {"0": 6, "1": 6, "2": 6, "3": 6, "4": 6, "5": 6, "6": 6, "7": 6, "8": 6, "9": 6, "10": 6, "11": 6, "12": 6, "13": 6, "14": 6, "15": 6, "16": 6, "17": 6, "18": 6, "19": 6, "20": 6, "21": 6, "22": 6, "23": 6, "24": 6, "25": 6, "26": 6, "27": 6, "28": 6, "29": 6, "30": 6, "31": 6, "32": 6, "33": 6, "34": 6, "35": 6, "36": 6, "37": 6, "38": 6, "39": 6, "40": 6, "41": 6, "42": 6, "43": 6, "44": 6, "45": 6, "46": 6, "47": 6, "48": 6, "49": 7, "50": 7, "51": 7, "52": 7, "53": 7, "54": 7, "55": 7, "56": 7, "57": 7, "58": 7, "59": 7, "60": 7, "61": 7, "62": 7, "63": 7, "64": 7, "65": 7, "66": 7, "67": 7, "68": 7, "69": 7, "70": 7, "71": 7, "72": 7, "73": 7, "74": 7, "75": 7, "76": 7, "77": 7, "78": 7, "79": 7, "80": 7, "81": 7, "82": 7, "83": 7, "84": 7, "85": 7, "86": 7, "87": 7, "88": 7, "89": 7, "90": 7, "91": 7, "92": 7, "93": 7, "94": 7, "95": 7, "96": 7, "97": 7, "98": 7, "99": 7, "100": 7}, "1": {"0": 6, "1": 6, "2": 6, "3": 6, "4": 6, "5": 6, "6": 6, "7": 6, "8": 6, "9": 6, "10": 6, "11": 6, "12": 6, "13": 6, "14": 6, "15": 6, "16": 6, "17": 6, "18": 6, "19": 6, "20": 6, "21": 6, "22": 6, "23": 6, "24": 6, "25": 6, "26": 6, "27": 6, "28": 6, "29": 6, "30": 6, "31": 6, "32": 6, "33": 6, "34": 6, "35": 6, "36": 6, "37": 6, "38": 6, "39": 6, "40": 6, "41": 6, "42": 6, "43": 6, "44": 6, "45": 6, "46": 6, "47": 6, "48": 6, "49": 7, "50": 7, "51": 7, "52": 7, "53": 7, "54": 7, "55": 7, "56": 7, "57": 7, "58": 7, "59": 7, "60": 7, "61": 7, "62": 7, "63": 7, "64": 7, "65": 7, "66": 7, "67": 7, "68": 7, "69": 7, "70": 7, "71": 7, "72": 7, "73": 7, "74": 7, "75": 7, "76": 7, "77": 7, "78": 7, "79": 7, "80": 7, "81": 7, "82": 7, "83": 7, "84": 7, "85": 7, "86": 7, "87": 7, "88": 7, "89": 7, "90": 7, "91": 7, "92": 7, "93": 7, "94": 7, "95": 7, "96": 7, "97": 7, "98": 7, "99": 7, "100": 7}, "2": {"0": 6, "1": 6, "2": 6, "3": 6, "4": 6, "5": 6, "6": 6, "7": 6, "8": 6, "9": 6, "10": 6, "11": 6, "12": 6, "13": 6, "14": 6, "15": 6, "16": 6, "17": 6, "18": 6, "19": 6, "20": 6, "21": 6, "22": 6, "23": 6, "24": 6, "25": 6, "26": 6, "27": 6, "28": 6, "29": 6, "30": 6, "31": 6, "32": 6, "33": 6, "34": 6, "35": 6, "36": 6, "37": 6, "38": 6, "39": 6, "40": 6, "41": 6, "42": 6, "43": 6, "44": 6, "45": 6, "46": 6, "47": 6, "48": 6, "49": 7, "50": 7, "51": 7, "52": 7, "53": 7, "54": 7, "55": 7, "56": 7, "57": 7, "58": 7, "59": 7, "60": 7, "61": 7, "62": 7, "63": 7, "64": 7, "65": 7, "66": 7, "67": 7, "68": 7, "69": 7, "70": 7, "71": 7, "72": 7, "73": 7, "74": 7, "75": 7, "76": 7, "77": 7, "78": 7, "79": 7, "80": 7, "81": 7, "82": 7, "83": 7, "84": 7, "85": 7, "86": 7, "87": 7, "88": 7, "89": 7, "90": 7, "91": 7, "92": 7, "93": 7, "94": 7, "95": 7, "96": 7, "97": 7, "98": 7, "99": 7, "100": 7}, "3": {"0": 2, "1": 6, "2": 6, "3": 6, "4": 6, "5": 6, "6": 6, "7": 6, "8": 6, "9": 6, "10": 6, "11": 6, "12": 6, "13": 6, "14": 6, "15": 6, "16": 6, "17": 6, "18": 6, "19": 6, "20": 6, "21": 6, "22": 6, "23": 6, "24": 6, "25": 6, "26": 6, "27": 6, "28": 6, "29": 6, "30": 6, "31": 6, "32": 6, "33": 6, "34": 6, "35": 6, "36": 6, "37": 6, "38": 6, "39": 6, "40": 6, "41": 6, "42": 6, "43": 6, "44": 6, "45": 6, "46": 6, "47": 6, "48": 6, "49": 7, "50": 7, "51": 7, "52": 7, "53": 7, "54": 7, "55": 7, "56": 7, "57": 7, "58": 7, "59": 7, "60": 7, "61": 7, "62": 7, "63": 7, "64": 7, "65": 7, "66": 7, "67": 7, "68": 7, "69": 7, "70": 7, "71": 7, "72": 7, "73": 7, "74": 7, "75": 7, "76": 7, "77": 7, "78": 7, "79": 7, "80": 7, "81": 7, "82": 7, "83": 7, "84": 7, "85": 7, "86": 7, "87": 7, "88": 7, "89": 7, "90": 7, "91": 7, "92": 7, "93": 7, "94": 7, "95": 7, "96": 7, "97": 7, "98": 7, "99": 7, "100": 7}, "4": {"0": 2, "1": 6, "2": 6, "3": 6, "4": 6, "5": 6, "6": 6, "7": 6, "8": 6, "9": 6, "10": 6, "11": 6, "12": 6, "13": 6, "14": 6, "15": 6, "16": 6, "17": 6, "18": 6, "19": 6, "20": 6, "21": 6, "22": 6, "23": 6, "24": 6, "25": 6, "26": 6, "27": 6, "28": 6, "29": 6, "30": 6, "31": 6, "32": 6, "33": 6, "34": 6, "35": 6, "36": 6, "37": 6, "38": 6, "39": 6, "40": 6, "41": 6, "42": 6, "43": 6, "44": 6, "45": 6, "46": 6, "47": 6, "48": 6, "49": 7, "50": 7, "51": 7, "52": 7, "53": 7, "54": 7, "55": 7, "56": 7, "57": 7, "58": 7, "59": 7, "60": 7, "61": 7, "62": 7, "63": 7, "64": 7, "65": 7, "66": 7, "67": 7, "68": 7, "69": 7, "70": 7, "71": 7, "72": 7, "73": 7, "74": 7, "75": 7, "76": 7, "77": 7, "78": 7, "79": 7, "80": 7, "81": 7, "82": 7, "83": 7, "84": 7, "85": 7, "86": 7, "87": 7, "88": 7, "89": 7, "90": 7, "91": 7, "92": 7, "93": 7, "94": 7, "95": 7, "96": 7, "97": 7, "98": 7, "99": 7, "100": 7}, "5": {"0": 2, "1": 2, "2": 6, "3": 6, "4": 6, "5": 6, "6": 6, "7": 6, "8": 6, "9": 6, "10": 6, "11": 6, "12": 6, "13": 6, "14": 6, "15": 6, "16": 6, "17": 6, "18": 6, "19": 6, "20": 6, "21": 6, "22": 6, "23": 6, "24": 6, "25": 6, "26": 6, "27": 6, "28": 6, "29": 6, "30": 6, "31": 6, "32": 6, "33": 6, "34": 6, "35": 6, "36": 6, "37": 6, "38": 6, "39": 6, "40": 6, "41": 6, "42": 6, "43": 6, "44": 6, "45": 6, "46": 6, "47": 6, "48": 6, "49": 7, "50": 7, "51": 7, "52": 7, "53": 7, "54": 7, "55": 7, "56": 7, "57": 7, "58": 7, "59": 7, "60": 7, "61": 7, "62": 7, "63": 7, "64": 7, "65": 7, "66": 7, "67": 7, "68": 7, "69": 7, "70": 7, "71": 7, "72": 7, "73": 7, "74": 7, "75": 7, "76": 7, "77": 7, "78": 7, "79": 7, "80": 7, "81": 7, "82": 7, "83": 7, "84": 7, "85": 7, "86": 7, "87": 7, "88": 7, "89": 7, "90": 7, "91": 7, "92": 7, "93": 7, "94": 7, "95": 7, "96": 7, "97": 7, "98": 7, "99": 7, "100": 7}, "6": {"0": 2, "1": 2, "2": 2, "3": 6, "4": 6, "5": 6, "6": 6, "7": 6, "8": 6, "9": 6, "10": 6, "11": 6, "12": 6, "13": 6, "14": 6, "15": 6, "16": 6, "17": 6, "18": 6, "19": 6, "20": 6, "21": 6, "22": 6, "23": 6, "24": 6, "25": 6, "26": 6, "27": 6, "28": 6, "29": 6, "30": 6, "31": 6, "32": 6, "33": 6, "34": 6, "35": 6, "36": 6, "37": 6, "38": 6, "39": 6, "40": 6, "41": 6, "42": 6, "43": 6, "44": 6, "45": 6, "46": 6, "47": 6, "48": 6, "49": 7, "50": 7, "51": 7, "52": 7, "53": 7, "54": 7, "55": 7, "56": 7, "57": 7, "58": 7, "59": 7, "60": 7, "61": 7, "62": 7, "63": 7, "64": 7, "65": 7, "66": 7, "67": 7, "68": 7, "69": 7, "70": 7, "71": 7, "72": 7, "73": 7, "74": 7, "75": 7, "76": 7, "77": 7, "78": 7, "79": 7, "80": 7, "81": 7, "82": 7, "83": 7, "84": 7, "85": 7, "86": 7, "87": 7, "88": 7, "89": 7, "90": 7, "91": 7, "92": 7, "93": 7, "94": 7, "95": 7, "96": 7, "97": 7, "98": 7, "99": 7, "100": 7}, "7": {"0": 2, "1": 2, "2": 2, "3": 6, "4": 6, "5": 6, "6": 6, "7": 6, "8": 6, "9": 6, "10": 6, "11": 6, "12": 6, "13": 6, "14": 6, "15": 6, "16": 6, "17": 6, "18": 6, "19": 6, "20": 6, "21": 6, "22": 6, "23": 6, "24": 6, "25": 6, "26": 6, "27": 6, "28": 6, "29": 6, "30": 6, "31": 6, "32": 6, "33": 6, "34": 6, "35": 6, "36": 6, "37": 6, "38": 6, "39": 6, "40": 6, "41": 6, "42": 6, "43": 6, "44": 6, "45": 6, "46": 6, "47": 6, "48": 6, "49": 7, "50": 7, "51": 7, "52": 7, "53": 7, "54": 7, "55": 7, "56": 7, "57": 7, "58": 7, "59": 7, "60": 7, "61": 7, "62": 7, "63": 7, "64": 7, "65": 7, "66": 7, "67": 7, "68": 7, "69": 7, "70": 7, "71": 7, "72": 7, "73": 7, "74": 7, "75": 7, "76": 7, "77": 7, "78": 7, "79": 7, "80": 7, "81": 7, "82": 7, "83": 7, "84": 7, "85": 7, "86": 7, "87": 7, "88": 7, "89": 7, "90": 7, "91": 7, "92": 7, "93": 7, "94": 7, "95": 7, "96": 7, "97": 7, "98": 7, "99": 7, "100": 7}, "8": {"0": 2, "1": 2, "2": 2, "3": 2, "4": 6, "5": 6, "6": 6, "7": 6, "8": 6, "9": 6, "10": 6, "11": 6, "12": 6, "13": 6, "14": 6, "15": 6, "16": 6, "17": 6, "18": 6, "19": 6, "20": 6, "21": 6, "22": 6, "23": 6, "24": 6, "25": 6, "26": 6, "27": 6, "28": 6, "29": 6, "30": 6, "31": 6, "32": 6, "33": 6, "34": 6, "35": 6, "36": 6, "37": 6, "38": 6, "39": 6, "40": 6, "41": 6, "42": 6, "43": 6, "44": 6, "45": 6, "46": 6, "47": 6, "48": 6, "49": 7, "50": 7, "51": 7, "52": 7, "53": 7, "54": 7, "55": 7, "56": 7, "57": 7, "58": 7, "59": 7, "60": 7, "61": 7, "62": 7, "63": 7, "64": 7, "65": 7, "66": 7, "67": 7, "68": 7, "69": 7, "70": 7, "71": 7, "72": 7, "73": 7, "74": 7, "75": 7, "76": 7, "77": 7, "78": 7, "79": 7, "80": 7, "81": 7, "82": 7, "83": 7, "84": 7, "85": 7, "86": 7, "87": 7, "88": 7, "89": 7, "90": 7, "91": 7, "92": 7, "93": 7, "94": 7, "95": 7, "96": 7, "97": 7, "98": 7, "99": 7, "100": 7}, "9": {"0": 2, "1": 2, "2": 2, "3": 2, "4": 2, "5": 6, "6": 6, "7": 6, "8": 6, "9": 6, "10": 6, "11": 6, "12": 6, "13": 6, "14": 6, "15": 6, "16": 6, "17": 6, "18": 6, "19": 6, "20": 6, "21": 6, "22": 6, "23": 6, "24": 6, "25": 6, "26": 6, "27": 6, "28": 6, "29": 6, "30": 6, "31": 6, "32": 6, "33": 6, "34": 6, "35": 6, "36": 6, "37": 6, "38": 6, "39": 6, "40": 6, "41": 6, "42": 6, "43": 6, "44": 6, "45": 6, "46": 6, "47": 6, "48": 6, "49": 7, "50": 7, "51": 7, "52": 7, "53": 7, "54": 7, "55": 7, "56": 7, "57": 7, "58": 7, "59": 7, "60": 7, "61": 7, "62": 7, "63": 7, "64": 7, "65": 7, "66": 7, "67": 7, "68": 7, "69": 7, "70": 7, "71": 7, "72": 7, "73": 7, "74": 7, "75": 7, "76": 7, "77": 7, "78": 7, "79": 7, "80": 7, "81": 7, "82": 7, "83": 7, "84": 7, "85": 7, "86": 7, "87": 7, "88": 7, "89": 7, "90": 7, "91": 7, "92": 7, "93": 7, "94": 7, "95": 7, "96": 7, "97": 7, "98": 7, "99": 7, "100": 7}, "10": {"0": 2, "1": 2, "2": 2, "3": 2, "4": 2, "5": 6, "6": 6, "7": 6, "8": 6, "9": 6, "10": 6, "11": 6, "12": 6, "13": 6, "14": 6, "15": 6, "16": 6, "17": 6, "18": 6, "19": 6, "20": 6, "21": 6, "22": 6, "23": 6, "24": 6, "25": 6, "26": 6, "27": 6, "28": 6, "29": 6, "30": 6, "31": 6, "32": 6, "33": 6, "34": 6, "35": 6, "36": 6, "37": 6, "38": 6, "39": 6, "40": 6, "41": 6, "42": 6, "43": 6, "44": 6, "45": 6, "46": 6, "47": 6, "48": 6, "49": 7, "50": 7, "51": 7, "52": 7, "53": 7, "54": 7, "55": 7, "56": 7, "57": 7, "58": 7, "59": 7, "60": 7, "61": 7, "62": 7, "63": 7, "64": 7, "65": 7, "66": 7, "67": 7, "68": 7, "69": 7, "70": 7, "71": 7, "72": 7, "73": 7, "74": 7, "75": 7, "76": 7, "77": 7, "78": 7, "79": 7, "80": 7, "81": 7, "82": 7, "83": 7, "84": 7, "85": 7, "86": 7, "87": 7, "88": 7, "89": 7, "90": 7, "91": 7, "92": 7, "93": 7, "94": 7, "95": 7, "96": 7, "97": 7, "98": 7, "99": 7, "100": 7}, "11": {"0": 2, "1": 2, "2": 2, "3": 2, "4": 2, "5": 2, "6": 6, "7": 6, "8": 6, "9": 6, "10": 6, "11": 6, "12": 6, "13": 6, "14": 6, "15": 6, "16": 6, "17": 6, "18": 6, "19": 6, "20": 6, "21": 6, "22": 6, "23": 6, "24": 6, "25": 6, "26": 6, "27": 6, "28": 6, "29": 6, "30": 6, "31": 6, "32": 6, "33": 6, "34": 6, "35": 6, "36": 6, "37": 6, "38": 6, "39": 6, "40": 6, "41": 6, "42": 6, "43": 6, "44": 6, "45": 6, "46": 6, "47": 6, "48": 6, "49": 7, "50": 7, "51": 7, "52": 7, "53": 7, "54": 7, "55": 7, "56": 7, "57": 7, "58": 7, "59": 7, "60": 7, "61": 7, "62": 7, "63": 7, "64": 7, "65": 7, "66": 7, "67": 7, "68": 7, "69": 7, "70": 7, "71": 7, "72": 7, "73": 7, "74": 7, "75": 7, "76": 7, "77": 7, "78": 7, "79": 7, "80": 7, "81": 7, "82": 7, "83": 7, "84": 7, "85": 7, "86": 7, "87": 7, "88": 7, "89": 7, "90": 7, "91": 7, "92": 7, "93": 7, "94": 7, "95": 7, "96": 7, "97": 7, "98": 7, "99": 7, "100": 7}, "12": {"0": 2, "1": 2, "2": 2, "3": 2, "4": 2, "5": 2, "6": 6, "7": 6, "8": 6, "9": 6, "10": 6, "11": 6, "12": 6, "13": 6, "14": 6, "15": 6, "16": 6, "17": 6, "18": 6, "19": 6, "20": 6, "21": 6, "22": 6, "23": 6, "24": 6, "25": 6, "26": 6, "27": 6, "28": 6, "29": 6, "30": 6, "31": 6, "32": 6, "33": 6, "34": 6, "35": 6, "36": 6, "37": 6, "38": 6, "39": 6, "40": 6, "41": 6, "42": 6, "43": 6, "44": 6, "45": 6, "46": 6, "47": 6, "48": 6, "49": 7, "50": 7, "51": 7, "52": 7, "53": 7, "54": 7, "55": 7, "56": 7, "57": 7, "58": 7, "59": 7, "60": 7, "61": 7, "62": 7, "63": 7, "64": 7, "65": 7, "66": 7, "67": 7, "68": 7, "69": 7, "70": 7, "71": 7, "72": 7, "73": 7, "74": 7, "75": 7, "76": 7, "77": 7, "78": 7, "79": 7, "80": 7, "81": 7, "82": 7, "83": 7, "84": 7, "85": 7, "86": 7, "87": 7, "88": 7, "89": 7, "90": 7, "91": 7, "92": 7, "93": 7, "94": 7, "95": 7, "96": 7, "97": 7, "98": 7, "99": 7, "100": 3}, "13": {"0": 2, "1": 2, "2": 2, "3": 2, "4": 2, "5": 2, "6": 2, "7": 6, "8": 6, "9": 6, "10": 6, "11": 6, "12": 6, "13": 6, "14": 6, "15": 6, "16": 6, "17": 6, "18": 6, "19": 6, "20": 6, "21": 6, "22": 6, "23": 6, "24": 6, "25": 6, "26": 6, "27": 6, "28": 6, "29": 6, "30": 6, "31": 6, "32": 6, "33": 6, "34": 6, "35": 6, "36": 6, "37": 6, "38": 6, "39": 6, "40": 6, "41": 6, "42": 6, "43": 6, "44": 6, "45": 6, "46": 6, "47": 6, "48": 6, "49": 7, "50": 7, "51": 7, "52": 7, "53": 7, "54": 7, "55": 7, "56": 7, "57": 7, "58": 7, "59": 7, "60": 7, "61": 7, "62": 7, "63": 7, "64": 7, "65": 7, "66": 7, "67": 7, "68": 7, "69": 7, "70": 7, "71": 7, "72": 7, "73": 7, "74": 7, "75": 7, "76": 7, "77": 7, "78": 7, "79": 7, "80": 7, "81": 7, "82": 7, "83": 7, "84": 7, "85": 7, "86": 7, "87": 7, "88": 7, "89": 7, "90": 7, "91": 7, "92": 7, "93": 7, "94": 7, "95": 7, "96": 7, "97": 7, "98": 7, "99": 3, "100": 3}, "14": {"0": 2, "1": 2, "2": 2, "3": 2, "4": 2, "5": 2, "6": 2, "7": 2, "8": 6, "9": 6, "10": 6, "11": 6, "12": 6, "13": 6, "14": 6, "15": 6, "16": 6, "17": 6, "18": 6, "19": 6, "20": 6, "21": 6, "22": 6, "23": 6, "24": 6, "25": 6, "26": 6, "27": 6, "28": 6, "29": 6, "30": 6, "31": 6, "32": 6, "33": 6, "34": 6, "35": 6, "36": 6, "37": 6, "38": 6, "39": 6, "40": 6, "41": 6, "42": 6, "43": 6, "44": 6, "45": 6, "46": 6, "47": 6, "48": 6, "49": 7, "50": 7, "51": 7, "52": 7, "53": 7, "54": 7, "55": 7, "56": 7, "57": 7, "58": 7, "59": 7, "60": 7, "61": 7, "62": 7, "63": 7, "64": 7, "65": 7, "66": 7, "67": 7, "68": 7, "69": 7, "70": 7, "71": 7, "72": 7, "73": 7, "74": 7, "75": 7, "76": 7, "77": 7, "78": 7, "79": 7, "80": 7, "81": 7, "82": 7, "83": 7, "84": 7, "85": 7, "86": 7, "87": 7, "88": 7, "89": 7, "90": 7, "91": 7, "92": 7, "93": 7, "94": 7, "95": 7, "96": 7, "97": 7, "98": 3, "99": 3, "100": 3}, "15": {"0": 2, "1": 2, "2": 2, "3": 2, "4": 2, "5": 2, "6": 2, "7": 2, "8": 6, "9": 6, "10": 6, "11": 6, "12": 6, "13": 6, "14": 6, "15": 6, "16": 6, "17": 6, "18": 6, "19": 6, "20": 6, "21": 6, "22": 6, "23": 6, "24": 6, "25": 6, "26": 6, "27": 6, "28": 6, "29": 6, "30": 6, "31": 6, "32": 6, "33": 6, "34": 6, "35": 6, "36": 6, "37": 6, "38": 6, "39": 6, "40": 6, "41": 6, "42": 6, "43": 6, "44": 6, "45": 6, "46": 6, "47": 6, "48": 6, "49": 6, "50": 7, "51": 7, "52": 7, "53": 7, "54": 7, "55": 7, "56": 7, "57": 7, "58": 7, "59": 7, "60": 7, "61": 7, "62": 7, "63": 7, "64": 7, "65": 7, "66": 7, "67": 7, "68": 7, "69": 7, "70": 7, "71": 7, "72": 7, "73": 7, "74": 7, "75": 7, "76": 7, "77": 7, "78": 7, "79": 7, "80": 7, "81": 7, "82": 7, "83": 7, "84": 7, "85": 7, "86": 7, "87": 7, "88": 7, "89": 7, "90": 7, "91": 7, "92": 7, "93": 7, "94": 7, "95": 7, "96": 7, "97": 3, "98": 3, "99": 3, "100": 3}, "16": {"0": 2, "1": 2, "2": 2, "3": 2, "4": 2, "5": 2, "6": 2, "7": 2, "8": 2, "9": 6, "10": 6, "11": 6, "12": 6, "13": 6, "14": 6, "15": 6, "16": 6, "17": 6, "18": 6, "19": 6, "20": 6, "21": 6, "22": 6, "23": 6, "24": 6, "25": 6, "26": 6, "27": 6, "28": 6, "29": 6, "30": 6, "31": 6, "32": 6, "33": 6, "34": 6, "35": 6, "36": 6, "37": 6, "38": 6, "39": 6, "40": 6, "41": 6, "42": 6, "43": 6, "44": 6, "45": 6, "46": 6, "47": 6, "48": 6, "49": 6, "50": 7, "51": 7, "52": 7, "53": 7, "54": 7, "55": 7, "56": 7, "57": 7, "58": 7, "59": 7, "60": 7, "61": 7, "62": 7, "63": 7, "64": 7, "65": 7, "66": 7, "67": 7, "68": 7, "69": 7, "70": 7, "71": 7, "72": 7, "73": 7, "74": 7, "75": 7, "76": 7, "77": 7, "78": 7, "79": 7, "80": 7, "81": 7, "82": 7, "83": 7, "84": 7, "85": 7, "86": 7, "87": 7, "88": 7, "89": 7, "90": 7, "91": 7, "92": 7, "93": 7, "94": 7, "95": 7, "96": 7, "97": 3, "98": 3, "99": 3, "100": 3}, "17": {"0": 2, "1": 2, "2": 2, "3": 2, "4": 2, "5": 2, "6": 2, "7": 2, "8": 2, "9": 2, "10": 6, "11": 6, "12": 6, "13": 6, "14": 6, "15": 6, "16": 6, "17": 6, "18": 6, "19": 6, "20": 6, "21": 6, "22": 6, "23": 6, "24": 6, "25": 6, "26": 6, "27": 6, "28": 6, "29": 6, "30": 6, "31": 6, "32": 6, "33": 6, "34": 6, "35": 6, "36": 6, "37": 6, "38": 6, "39": 6, "40": 6, "41": 6, "42": 6, "43": 6, "44": 6, "45": 6, "46": 6, "47": 6, "48": 6, "49": 6, "50": 7, "51": 7, "52": 7, "53": 7, "54": 7, "55": 7, "56": 7, "57": 7, "58": 7, "59": 7, "60": 7, "61": 7, "62": 7, "63": 7, "64": 7, "65": 7, "66": 7, "67": 7, "68": 7, "69": 7, "70": 7, "71": 7, "72": 7, "73": 7, "74": 7, "75": 7, "76": 7, "77": 7, "78": 7, "79": 7, "80": 7, "81": 7, "82": 7, "83": 7, "84": 7, "85": 7, "86": 7, "87": 7, "88": 7, "89": 7, "90": 7, "91": 7, "92": 7, "93": 7, "94": 7, "95": 7, "96": 3, "97": 3, "98": 3, "99": 3, "100": 3}, "18": {"0": 2, "1": 2, "2": 2, "3": 2, "4": 2, "5": 2, "6": 2, "7": 2, "8": 2, "9": 2, "10": 6, "11": 6, "12": 6, "13": 6, "14": 6, "15": 6, "16": 6, "17": 6, "18": 6, "19": 6, "20": 6, "21": 6, "22": 6, "23": 6, "24": 6, "25": 6, "26": 6, "27": 6, "28": 6, "29": 6, "30": 6, "31": 6, "32": 6, "33": 6, "34": 6, "35": 6, "36": 6, "37": 6, "38": 6, "39": 6, "40": 6, "41": 6, "42": 6, "43": 6, "44": 6, "45": 6, "46": 6, "47": 6, "48": 6, "49": 6, "50": 7, "51": 7, "52": 7, "53": 7, "54": 7, "55": 7, "56": 7, "57": 7, "58": 7, "59": 7, "60": 7, "61": 7, "62": 7, "63": 7, "64": 7, "65": 7, "66": 7, "67": 7, "68": 7, "69": 7, "70": 7, "71": 7, "72": 7, "73": 7, "74": 7, "75": 7, "76": 7, "77": 7, "78": 7, "79": 7, "80": 7, "81": 7, "82": 7, "83": 7, "84": 7, "85": 7, "86": 7, "87": 7, "88": 7, "89": 7, "90": 7, "91": 7, "92": 7, "93": 7, "94": 7, "95": 3, "96": 3, "97": 3, "98": 3, "99": 3, "100": 3}, "19": {"0": 2, "1": 2, "2": 2, "3": 2, "4": 2, "5": 2, "6": 2, "7": 2, "8": 2, "9": 2, "10": 2, "11": 6, "12": 6, "13": 6, "14": 6, "15": 6, "16": 6, "17": 6, "18": 6, "19": 6, "20": 6, "21": 6, "22": 6, "23": 6, "24": 6, "25": 6, "26": 6, "27": 6, "28": 6, "29": 6, "30": 6, "31": 6, "32": 6, "33": 6, "34": 6, "35": 6, "36": 6, "37": 6, "38": 6, "39": 6, "40": 6, "41": 6, "42": 6, "43": 6, "44": 6, "45": 6, "46": 6, "47": 6, "48": 6, "49": 6, "50": 7, "51": 7, "52": 7, "53": 7, "54": 7, "55": 7, "56": 7, "57": 7, "58": 7, "59": 7, "60": 7, "61": 7, "62": 7, "63": 7, "64": 7, "65": 7, "66": 7, "67": 7, "68": 7, "69": 7, "70": 7, "71": 7, "72": 7, "73": 7, "74": 7, "75": 7, "76": 7, "77": 7, "78": 7, "79": 7, "80": 7, "81": 7, "82": 7, "83": 7, "84": 7, "85": 7, "86": 7, "87": 7, "88": 7, "89": 7, "90": 7, "91": 7, "92": 7, "93": 7, "94": 3, "95": 3, "96": 3, "97": 3, "98": 3, "99": 3, "100": 3}, "20": {"0": 2, "1": 2, "2": 2, "3": 2, "4": 2, "5": 2, "6": 2, "7": 2, "8": 2, "9": 2, "10": 2, "11": 2, "12": 6, "13": 6, "14": 6, "15": 6, "16": 6, "17": 6, "18": 6, "19": 6, "20": 6, "21": 6, "22": 6, "23": 6, "24": 6, "25": 6, "26": 6, "27": 6, "28": 6, "29": 6, "30": 6, "31": 6, "32": 6, "33": 6, "34": 6, "35": 6, "36": 6, "37": 6, "38": 6, "39": 6, "40": 6, "41": 6, "42": 6, "43": 6, "44": 6, "45": 6, "46": 6, "47": 6, "48": 6, "49": 6, "50": 7, "51": 7, "52": 7, "53": 7, "54": 7, "55": 7, "56": 7, "57": 7, "58": 7, "59": 7, "60": 7, "61": 7, "62": 7, "63": 7, "64": 7, "65": 7, "66": 7, "67": 7, "68": 7, "69": 7, "70": 7, "71": 7, "72": 7, "73": 7, "74": 7, "75": 7, "76": 7, "77": 7, "78": 7, "79": 7, "80": 7, "81": 7, "82": 7, "83": 7, "84": 7, "85": 7, "86": 7, "87": 7, "88": 7, "89": 7, "90": 7, "91": 7, "92": 7, "93": 3, "94": 3, "95": 3, "96": 3, "97": 3, "98": 3, "99": 3, "100": 3}, "21": {"0": 2, "1": 2, "2": 2, "3": 2, "4": 2, "5": 2, "6": 2, "7": 2, "8": 2, "9": 2, "10": 2, "11": 2, "12": 6, "13": 6, "14": 6, "15": 6, "16": 6, "17": 6, "18": 6, "19": 6, "20": 6, "21": 6, "22": 6, "23": 6, "24": 6, "25": 6, "26": 6, "27": 6, "28": 6, "29": 6, "30": 6, "31": 6, "32": 6, "33": 6, "34": 6, "35": 6, "36": 6, "37": 6, "38": 6, "39": 6, "40": 6, "41": 6, "42": 6, "43": 6, "44": 6, "45": 6, "46": 6, "47": 6, "48": 6, "49": 6, "50": 7, "51": 7, "52": 7, "53": 7, "54": 7, "55": 7, "56": 7, "57": 7, "58": 7, "59": 7, "60": 7, "61": 7, "62": 7, "63": 7, "64": 7, "65": 7, "66": 7, "67": 7, "68": 7, "69": 7, "70": 7, "71": 7, "72": 7, "73": 7, "74": 7, "75": 7, "76": 7, "77": 7, "78": 7, "79": 7, "80": 7, "81": 7, "82": 7, "83": 7, "84": 7, "85": 7, "86": 7, "87": 7, "88": 7, "89": 7, "90": 7, "91": 7, "92": 3, "93": 3, "94": 3, "95": 3, "96": 3, "97": 3, "98": 3, "99": 3, "100": 3}, "22": {"0": 2, "1": 2, "2": 2, "3": 2, "4": 2, "5": 2, "6": 2, "7": 2, "8": 2, "9": 2, "10": 2, "11": 2, "12": 2, "13": 6, "14": 6, "15": 6, "16": 6, "17": 6, "18": 6, "19": 6, "20": 6, "21": 6, "22": 6, "23": 6, "24": 6, "25": 6, "26": 6, "27": 6, "28": 6, "29": 6, "30": 6, "31": 6, "32": 6, "33": 6, "34": 6, "35": 6, "36": 6, "37": 6, "38": 6, "39": 6, "40": 6, "41": 6, "42": 6, "43": 6, "44": 6, "45": 6, "46": 6, "47": 6, "48": 6, "49": 6, "50": 7, "51": 7, "52": 7, "53": 7, "54": 7, "55": 7, "56": 7, "57": 7, "58": 7, "59": 7, "60": 7, "61": 7, "62": 7, "63": 7, "64": 7, "65": 7, "66": 7, "67": 7, "68": 7, "69": 7, "70": 7, "71": 7, "72": 7, "73": 7, "74": 7, "75": 7, "76": 7, "77": 7, "78": 7, "79": 7, "80": 7, "81": 7, "82": 7, "83": 7, "84": 7, "85": 7, "86": 7, "87": 7, "88": 7, "89": 7, "90": 7, "91": 3, "92": 3, "93": 3, "94": 3, "95": 3, "96": 3, "97": 3, "98": 3, "99": 3, "100": 3}, "23": {"0": 2, "1": 2, "2": 2, "3": 2, "4": 2, "5": 2, "6": 2, "7": 2, "8": 2, "9": 2, "10": 2, "11": 2, "12": 2, "13": 6, "14": 6, "15": 6, "16": 6, "17": 6, "18": 6, "19": 6, "20": 6, "21": 6, "22": 6, "23": 6, "24": 6, "25": 6, "26": 6, "27": 6, "28": 6, "29": 6, "30": 6, "31": 6, "32": 6, "33": 6, "34": 6, "35": 6, "36": 6, "37": 6, "38": 6, "39": 6, "40": 6, "41": 6, "42": 6, "43": 6, "44": 6, "45": 6, "46": 6, "47": 6, "48": 6, "49": 6, "50": 7, "51": 7, "52": 7, "53": 7, "54": 7, "55": 7, "56": 7, "57": 7, "58": 7, "59": 7, "60": 7, "61": 7, "62": 7, "63": 7, "64": 7, "65": 7, "66": 7, "67": 7, "68": 7, "69": 7, "70": 7, "71": 7, "72": 7, "73": 7, "74": 7, "75": 7, "76": 7, "77": 7, "78": 7, "79": 7, "80": 7, "81": 7, "82": 7, "83": 7, "84": 7, "85": 7, "86": 7, "87": 7, "88": 7, "89": 7, "90": 7, "91": 3, "92": 3, "93": 3, "94": 3, "95": 3, "96": 3, "97": 3, "98": 3, "99": 3, "100": 3}, "24": {"0": 2, "1": 2, "2": 2, "3": 2, "4": 2, "5": 2, "6": 2, "7": 2, "8": 2, "9": 2, "10": 2, "11": 2, "12": 2, "13": 2, "14": 6, "15": 6, "16": 6, "17": 6, "18": 6, "19": 6, "20": 6, "21": 6, "22": 6, "23": 6, "24": 6, "25": 6, "26": 6, "27": 6, "28": 6, "29": 6, "30": 6, "31": 6, "32": 6, "33": 6, "34": 6, "35": 6, "36": 6, "37": 6, "38": 6, "39": 6, "40": 6, "41": 6, "42": 6, "43": 6, "44": 6, "45": 6, "46": 6, "47": 6, "48": 6, "49": 6, "50": 7, "51": 7, "52": 7, "53": 7, "54": 7, "55": 7, "56": 7, "57": 7, "58": 7, "59": 7, "60": 7, "61": 7, "62": 7, "63": 7, "64": 7, "65": 7, "66": 7, "67": 7, "68": 7, "69": 7, "70": 7, "71": 7, "72": 7, "73": 7, "74": 7, "75": 7, "76": 7, "77": 7, "78": 7, "79": 7, "80": 7, "81": 7, "82": 7, "83": 7, "84": 7, "85": 7, "86": 7, "87": 7, "88": 7, "89": 7, "90": 3, "91": 3, "92": 3, "93": 3, "94": 3, "95": 3, "96": 3, "97": 3, "98": 3, "99": 3, "100": 3}, "25": {"0": 2, "1": 2, "2": 2, "3": 2, "4": 2, "5": 2, "6": 2, "7": 2, "8": 2, "9": 2, "10": 2, "11": 2, "12": 2, "13": 2, "14": 2, "15": 6, "16": 6, "17": 6, "18": 6, "19": 6, "20": 6, "21": 6, "22": 6, "23": 6, "24": 6, "25": 6, "26": 6, "27": 6, "28": 6, "29": 6, "30": 6, "31": 6, "32": 6, "33": 6, "34": 6, "35": 6, "36": 6, "37": 6, "38": 6, "39": 6, "40": 6, "41": 6, "42": 6, "43": 6, "44": 6, "45": 6, "46": 6, "47": 6, "48": 6, "49": 6, "50": 7, "51": 7, "52": 7, "53": 7, "54": 7, "55": 7, "56": 7, "57": 7, "58": 7, "59": 7, "60": 7, "61": 7, "62": 7, "63": 7, "64": 7, "65": 7, "66": 7, "67": 7, "68": 7, "69": 7, "70": 7, "71": 7, "72": 7, "73": 7, "74": 7, "75": 7, "76": 7, "77": 7, "78": 7, "79": 7, "80": 7, "81": 7, "82": 7, "83": 7, "84": 7, "85": 7, "86": 7, "87": 7, "88": 7, "89": 3, "90": 3, "91": 3, "92": 3, "93": 3, "94": 3, "95": 3, "96": 3, "97": 3, "98": 3, "99": 3, "100": 3}, "26": {"0": 2, "1": 2, "2": 2, "3": 2, "4": 2, "5": 2, "6": 2, "7": 2, "8": 2, "9": 2, "10": 2, "11": 2, "12": 2, "13": 2, "14": 2, "15": 6, "16": 6, "17": 6, "18": 6, "19": 6, "20": 6, "21": 6, "22": 6, "23": 6, "24": 6, "25": 6, "26": 6, "27": 6, "28": 6, "29": 6, "30": 6, "31": 6, "32": 6, "33": 6, "34": 6, "35": 6, "36": 6, "37": 6, "38": 6, "39": 6, "40": 6, "41": 6, "42": 6, "43": 6, "44": 6, "45": 6, "46": 6, "47": 6, "48": 6, "49": 6, "50": 7, "51": 7, "52": 7, "53": 7, "54": 7, "55": 7, "56": 7, "57": 7, "58": 7, "59": 7, "60": 7, "61": 7, "62": 7, "63": 7, "64": 7, "65": 7, "66": 7, "67": 7, "68": 7, "69": 7, "70": 7, "71": 7, "72": 7, "73": 7, "74": 7, "75": 7, "76": 7, "77": 7, "78": 7, "79": 7, "80": 7, "81": 7, "82": 7, "83": 7, "84": 7, "85": 7, "86": 7, "87": 7, "88": 3, "89": 3, "90": 3, "91": 3, "92": 3, "93": 3, "94": 3, "95": 3, "96": 3, "97": 3, "98": 3, "99": 3, "100": 3}, "27": {"0": 2, "1": 2, "2": 2, "3": 2, "4": 2, "5": 2, "6": 2, "7": 2, "8": 2, "9": 2, "10": 2, "11": 2, "12": 2, "13": 2, "14": 2, "15": 2, "16": 6, "17": 6, "18": 6, "19": 6, "20": 6, "21": 6, "22": 6, "23": 6, "24": 6, "25": 6, "26": 6, "27": 6, "28": 6, "29": 6, "30": 6, "31": 6, "32": 6, "33": 6, "34": 6, "35": 6, "36": 6, "37": 6, "38": 6, "39": 6, "40": 6, "41": 6, "42": 6, "43": 6, "44": 6, "45": 6, "46": 6, "47": 6, "48": 6, "49": 6, "50": 7, "51": 7, "52": 7, "53": 7, "54": 7, "55": 7, "56": 7, "57": 7, "58": 7, "59": 7, "60": 7, "61": 7, "62": 7, "63": 7, "64": 7, "65": 7, "66": 7, "67": 7, "68": 7, "69": 7, "70": 7, "71": 7, "72": 7, "73": 7, "74": 7, "75": 7, "76": 7, "77": 7, "78": 7, "79": 7, "80": 7, "81": 7, "82": 7, "83": 7, "84": 7, "85": 7, "86": 7, "87": 3, "88": 3, "89": 3, "90": 3, "91": 3, "92": 3, "93": 3, "94": 3, "95": 3, "96": 3, "97": 3, "98": 3, "99": 3, "100": 3}, "28": {"0": 2, "1": 2, "2": 2, "3": 2, "4": 2, "5": 2, "6": 2, "7": 2, "8": 2, "9": 2, "10": 2, "11": 2, "12": 2, "13": 2, "14": 2, "15": 2, "16": 2, "17": 6, "18": 6, "19": 6, "20": 6, "21": 6, "22": 6, "23": 6, "24": 6, "25": 6, "26": 6, "27": 6, "28": 6, "29": 6, "30": 6, "31": 6, "32": 6, "33": 6, "34": 6, "35": 6, "36": 6, "37": 6, "38": 6, "39": 6, "40": 6, "41": 6, "42": 6, "43": 6, "44": 6, "45": 6, "46": 6, "47": 6, "48": 6, "49": 6, "50": 7, "51": 7, "52": 7, "53": 7, "54": 7, "55": 7, "56": 7, "57": 7, "58": 7, "59": 7, "60": 7, "61": 7, "62": 7, "63": 7, "64": 7, "65": 7, "66": 7, "67": 7, "68": 7, "69": 7, "70": 7, "71": 7, "72": 7, "73": 7, "74": 7, "75": 7, "76": 7, "77": 7, "78": 7, "79": 7, "80": 7, "81": 7, "82": 7, "83": 7, "84": 7, "85": 7, "86": 3, "87": 3, "88": 3, "89": 3, "90": 3, "91": 3, "92": 3, "93": 3, "94": 3, "95": 3, "96": 3, "97": 3, "98": 3, "99": 3, "100": 3}, "29": {"0": 2, "1": 2, "2": 2, "3": 2, "4": 2, "5": 2, "6": 2, "7": 2, "8": 2, "9": 2, "10": 2, "11": 2, "12": 2, "13": 2, "14": 2, "15": 2, "16": 2, "17": 6, "18": 6, "19": 6, "20": 6, "21": 6, "22": 6, "23": 6, "24": 6, "25": 6, "26": 6, "27": 6, "28": 6, "29": 6, "30": 6, "31": 6, "32": 6, "33": 6, "34": 6, "35": 6, "36": 6, "37": 6, "38": 6, "39": 6, "40": 6, "41": 6, "42": 6, "43": 6, "44": 6, "45": 6, "46": 6, "47": 6, "48": 6, "49": 6, "50": 7, "51": 7, "52": 7, "53": 7, "54": 7, "55": 7, "56": 7, "57": 7, "58": 7, "59": 7, "60": 7, "61": 7, "62": 7, "63": 7, "64": 7, "65": 7, "66": 7, "67": 7, "68": 7, "69": 7, "70": 7, "71": 7, "72": 7, "73": 7, "74": 7, "75": 7, "76": 7, "77": 7, "78": 7, "79": 7, "80": 7, "81": 7, "82": 7, "83": 7, "84": 7, "85": 7, "86": 3, "87": 3, "88": 3, "89": 3, "90": 3, "91": 3, "92": 3, "93": 3, "94": 3, "95": 3, "96": 3, "97": 3, "98": 3, "99": 3, "100": 3}, "30": {"0": 2, "1": 2, "2": 2, "3": 2, "4": 2, "5": 2, "6": 2, "7": 2, "8": 2, "9": 2, "10": 2, "11": 2, "12": 2, "13": 2, "14": 2, "15": 2, "16": 2, "17": 2, "18": 6, "19": 6, "20": 6, "21": 6, "22": 6, "23": 6, "24": 6, "25": 6, "26": 6, "27": 6, "28": 6, "29": 6, "30": 6, "31": 6, "32": 6, "33": 6, "34": 6, "35": 6, "36": 6, "37": 6, "38": 6, "39": 6, "40": 6, "41": 6, "42": 6, "43": 6, "44": 6, "45": 6, "46": 6, "47": 6, "48": 6, "49": 6, "50": 7, "51": 7, "52": 7, "53": 7, "54": 7, "55": 7, "56": 7, "57": 7, "58": 7, "59": 7, "60": 7, "61": 7, "62": 7, "63": 7, "64": 7, "65": 7, "66": 7, "67": 7, "68": 7, "69": 7, "70": 7, "71": 7, "72": 7, "73": 7, "74": 7, "75": 7, "76": 7, "77": 7, "78": 7, "79": 7, "80": 7, "81": 7, "82": 7, "83": 7, "84": 7, "85": 3, "86": 3, "87": 3, "88": 3, "89": 3, "90": 3, "91": 3, "92": 3, "93": 3, "94": 3, "95": 3, "96": 3, "97": 3, "98": 3, "99": 3, "100": 3}, "31": {"0": 2, "1": 2, "2": 2, "3": 2, "4": 2, "5": 2, "6": 2, "7": 2, "8": 2, "9": 2, "10": 2, "11": 2, "12": 2, "13": 2, "14": 2, "15": 2, "16": 2, "17": 2, "18": 2, "19": 6, "20": 6, "21": 6, "22": 6, "23": 6, "24": 6, "25": 6, "26": 6, "27": 6, "28": 6, "29": 6, "30": 6, "31": 6, "32": 6, "33": 6, "34": 6, "35": 6, "36": 6, "37": 6, "38": 6, "39": 6, "40": 6, "41": 6, "42": 6, "43": 6, "44": 6, "45": 6, "46": 6, "47": 6, "48": 6, "49": 6, "50": 1, "51": 7, "52": 7, "53": 7, "54": 7, "55": 7, "56": 7, "57": 7, "58": 7, "59": 7, "60": 7, "61": 7, "62": 7, "63": 7, "64": 7, "65": 7, "66": 7, "67": 7, "68": 7, "69": 7, "70": 7, "71": 7, "72": 7, "73": 7, "74": 7, "75": 7, "76": 7, "77": 7, "78": 7, "79": 7, "80": 7, "81": 7, "82": 7, "83": 7, "84": 3, "85": 3, "86": 3, "87": 3, "88": 3, "89": 3, "90": 3, "91": 3, "92": 3, "93": 3, "94": 3, "95": 3, "96": 3, "97": 3, "98": 3, "99": 3, "100": 3}, "32": {"0": 2, "1": 2, "2": 2, "3": 2, "4": 2, "5": 2, "6": 2, "7": 2, "8": 2, "9": 2, "10": 2, "11": 2, "12": 2, "13": 2, "14": 2, "15": 2, "16": 2, "17": 2, "18": 2, "19": 6, "20": 6, "21": 6, "22": 6, "23": 6, "24": 6, "25": 6, "26": 6, "27": 6, "28": 6, "29": 6, "30": 6, "31": 6, "32": 6, "33": 6, "34": 6, "35": 6, "36": 6, "37": 6, "38": 6, "39": 6, "40": 6, "41": 6, "42": 6, "43": 6, "44": 6, "45": 6, "46": 6, "47": 6, "48": 6, "49": 1, "50": 1, "51": 1, "52": 7, "53": 7, "54": 7, "55": 7, "56": 7, "57": 7, "58": 7, "59": 7, "60": 7, "61": 7, "62": 7, "63": 7, "64": 7, "65": 7, "66": 7, "67": 7, "68": 7, "69": 7, "70": 7, "71": 7, "72": 7, "73": 7, "74": 7, "75": 7, "76": 7, "77": 7, "78": 7, "79": 7, "80": 7, "81": 7, "82": 7, "83": 3, "84": 3, "85": 3, "86": 3, "87": 3, "88": 3, "89": 3, "90": 3, "91": 3, "92": 3, "93": 3, "94": 3, "95": 3, "96": 3, "97": 3, "98": 3, "99": 3, "100": 3}, "33": {"0": 2, "1": 2, "2": 2, "3": 2, "4": 2, "5": 2, "6": 2, "7": 2, "8": 2, "9": 2, "10": 2, "11": 2, "12": 2, "13": 2, "14": 2, "15": 2, "16": 2, "17": 2, "18": 2, "19": 2, "20": 6, "21": 6, "22": 6, "23": 6, "24": 6, "25": 6, "26": 6, "27": 6, "28": 6, "29": 6, "30": 6, "31": 6, "32": 6, "33": 6, "34": 6, "35": 6, "36": 6, "37": 6, "38": 6, "39": 6, "40": 6, "41": 6, "42": 6, "43": 6, "44": 6, "45": 6, "46": 6, "47": 6, "48": 6, "49": 1, "50": 1, "51": 1, "52": 1, "53": 7, "54": 7, "55": 7, "56": 7, "57": 7, "58": 7, "59": 7, "60": 7, "61": 7, "62": 7, "63": 7, "64": 7, "65": 7, "66": 7, "67": 7, "68": 7, "69": 7, "70": 7, "71": 7, "72": 7, "73": 7, "74": 7, "75": 7, "76": 7, "77": 7, "78": 7, "79": 7, "80": 7, "81": 7, "82": 3, "83": 3, "84": 3, "85": 3, "86": 3, "87": 3, "88": 3, "89": 3, "90": 3, "91": 3, "92": 3, "93": 3, "94": 3, "95": 3, "96": 3, "97": 3, "98": 3, "99": 3, "100": 3}, "34": {"0": 2, "1": 2, "2": 2, "3": 2, "4": 2, "5": 2, "6": 2, "7": 2, "8": 2, "9": 2, "10": 2, "11": 2, "12": 2, "13": 2, "14": 2, "15": 2, "16": 2, "17": 2, "18": 2, "19": 2, "20": 6, "21": 6, "22": 6, "23": 6, "24": 6, "25": 6, "26": 6, "27": 6, "28": 6, "29": 6, "30": 6, "31": 6, "32": 6, "33": 6, "34": 6, "35": 6, "36": 6, "37": 6, "38": 6, "39": 6, "40": 6, "41": 6, "42": 6, "43": 6, "44": 6, "45": 6, "46": 6, "47": 6, "48": 1, "49": 1, "50": 1, "51": 1, "52": 1, "53": 7, "54": 7, "55": 7, "56": 7, "57": 7, "58": 7, "59": 7, "60": 7, "61": 7, "62": 7, "63": 7, "64": 7, "65": 7, "66": 7, "67": 7, "68": 7, "69": 7, "70": 7, "71": 7, "72": 7, "73": 7, "74": 7, "75": 7, "76": 7, "77": 7, "78": 7, "79": 7, "80": 7, "81": 3, "82": 3, "83": 3, "84": 3, "85": 3, "86": 3, "87": 3, "88": 3, "89": 3, "90": 3, "91": 3, "92": 3, "93": 3, "94": 3, "95": 3, "96": 3, "97": 3, "98": 3, "99": 3, "100": 3}, "35": {"0": 2, "1": 2, "2": 2, "3": 2, "4": 2, "5": 2, "6": 2, "7": 2, "8": 2, "9": 2, "10": 2, "11": 2, "12": 2, "13": 2, "14": 2, "15": 2, "16": 2, "17": 2, "18": 2, "19": 2, "20": 2, "21": 6, "22": 6, "23": 6, "24": 6, "25": 6, "26": 6, "27": 6, "28": 6, "29": 6, "30": 6, "31": 6, "32": 6, "33": 6, "34": 6, "35": 6, "36": 6, "37": 6, "38": 6, "39": 6, "40": 6, "41": 6, "42": 6, "43": 6, "44": 6, "45": 6, "46": 6, "47": 1, "48": 1, "49": 1, "50": 1, "51": 1, "52": 1, "53": 1, "54": 7, "55": 7, "56": 7, "57": 7, "58": 7, "59": 7, "60": 7, "61": 7, "62": 7, "63": 7, "64": 7, "65": 7, "66": 7, "67": 7, "68": 7, "69": 7, "70": 7, "71": 7, "72": 7, "73": 7, "74": 7, "75": 7, "76": 7, "77": 7, "78": 7, "79": 7, "80": 3, "81": 3, "82": 3, "83": 3, "84": 3, "85": 3, "86": 3, "87": 3, "88": 3, "89": 3, "90": 3, "91": 3, "92": 3, "93": 3, "94": 3, "95": 3, "96": 3, "97": 3, "98": 3, "99": 3, "100": 3}, "36": {"0": 2, "1": 2, "2": 2, "3": 2, "4": 2, "5": 2, "6": 2, "7": 2, "8": 2, "9": 2, "10": 2, "11": 2, "12": 2, "13": 2, "14": 2, "15": 2, "16": 2, "17": 2, "18": 2, "19": 2, "20": 2, "21": 2, "22": 6, "23": 6, "24": 6, "25": 6, "26": 6, "27": 6, "28": 6, "29": 6, "30": 6, "31": 6, "32": 6, "33": 6, "34": 6, "35": 6, "36": 6, "37": 6, "38": 6, "39": 6, "40": 6, "41": 6, "42": 6, "43": 6, "44": 6, "45": 6, "46": 1, "47": 1, "48": 1, "49": 1, "50": 1, "51": 1, "52": 1, "53": 1, "54": 1, "55": 7, "56": 7, "57": 7, "58": 7, "59": 7, "60": 7, "61": 7, "62": 7, "63": 7, "64": 7, "65": 7, "66": 7, "67": 7, "68": 7, "69": 7, "70": 7, "71": 7, "72": 7, "73": 7, "74": 7, "75": 7, "76": 7, "77": 7, "78": 7, "79": 7, "80": 3, "81": 3, "82": 3, "83": 3, "84": 3, "85": 3, "86": 3, "87": 3, "88": 3, "89": 3, "90": 3, "91": 3, "92": 3, "93": 3, "94": 3, "95": 3, "96": 3, "97": 3, "98": 3, "99": 3, "100": 3}, "37": {"0": 2, "1": 2, "2": 2, "3": 2, "4": 2, "5": 2, "6": 2, "7": 2, "8": 2, "9": 2, "10": 2, "11": 2, "12": 2, "13": 2, "14": 2, "15": 2, "16": 2, "17": 2, "18": 2, "19": 2, "20": 2, "21": 2, "22": 6, "23": 6, "24": 6, "25": 6, "26": 6, "27": 6, "28": 6, "29": 6, "30": 6, "31": 6, "32": 6, "33": 6, "34": 6, "35": 6, "36": 6, "37": 6, "38": 6, "39": 6, "40": 6, "41": 6, "42": 6, "43": 6, "44": 6, "45": 6, "46": 1, "47": 1, "48": 1, "49": 1, "50": 1, "51": 1, "52": 1, "53": 1, "54": 1, "55": 1, "56": 7, "57": 7, "58": 7, "59": 7, "60": 7, "61": 7, "62": 7, "63": 7, "64": 7, "65": 7, "66": 7, "67": 7, "68": 7, "69": 7, "70": 7, "71": 7, "72": 7, "73": 7, "74": 7, "75": 7, "76": 7, "77": 7, "78": 7, "79": 3, "80": 3, "81": 3, "82": 3, "83": 3, "84": 3, "85": 3, "86": 3, "87": 3, "88": 3, "89": 3, "90": 3, "91": 3, "92": 3, "93": 3, "94": 3, "95": 3, "96": 3, "97": 3, "98": 3, "99": 3, "100": 3}, "38": {"0": 2, "1": 2, "2": 2, "3": 2, "4": 2, "5": 2, "6": 2, "7": 2, "8": 2, "9": 2, "10": 2, "11": 2, "12": 2, "13": 2, "14": 2, "15": 2, "16": 2, "17": 2, "18": 2, "19": 2, "20": 2, "21": 2, "22": 2, "23": 6, "24": 6, "25": 6, "26": 6, "27": 6, "28": 6, "29": 6, "30": 6, "31": 6, "32": 6, "33": 6, "34": 6, "35": 6, "36": 6, "37": 6, "38": 6, "39": 6, "40": 6, "41": 6, "42": 6, "43": 6, "44": 6, "45": 1, "46": 1, "47": 1, "48": 1, "49": 1, "50": 1, "51": 1, "52": 1, "53": 1, "54": 1, "55": 1, "56": 1, "57": 7, "58": 7, "59": 7, "60": 7, "61": 7, "62": 7, "63": 7, "64": 7, "65": 7, "66": 7, "67": 7, "68": 7, "69": 7, "70": 7, "71": 7, "72": 7, "73": 7, "74": 7, "75": 7, "76": 7, "77": 7, "78": 3, "79": 3, "80": 3, "81": 3, "82": 3, "83": 3, "84": 3, "85": 3, "86": 3, "87": 3, "88": 3, "89": 3, "90": 3, "91": 3, "92": 3, "93": 3, "94": 3, "95": 3, "96": 3, "97": 3, "98": 3, "99": 3, "100": 3}, "39": {"0": 2, "1": 2, "2": 2, "3": 2, "4": 2, "5": 2, "6": 2, "7": 2, "8": 2, "9": 2, "10": 2, "11": 2, "12": 2, "13": 2, "14": 2, "15": 2, "16": 2, "17": 2, "18": 2, "19": 2, "20": 2, "21": 2, "22": 2, "23": 2, "24": 6, "25": 6, "26": 6, "27": 6, "28": 6, "29": 6, "30": 6, "31": 6, "32": 6, "33": 6, "34": 6, "35": 6, "36": 6, "37": 6, "38": 6, "39": 6, "40": 6, "41": 6, "42": 6, "43": 6, "44": 1, "45": 1, "46": 1, "47": 1, "48": 1, "49": 1, "50": 1, "51": 1, "52": 1, "53": 1, "54": 1, "55": 1, "56": 1, "57": 1, "58": 7, "59": 7, "60": 7, "61": 7, "62": 7, "63": 7, "64": 7, "65": 7, "66": 7, "67": 7, "68": 7, "69": 7, "70": 7, "71": 7, "72": 7, "73": 7, "74": 7, "75": 7, "76": 7, "77": 3, "78": 3, "79": 3, "80": 3, "81": 3, "82": 3, "83": 3, "84": 3, "85": 3, "86": 3, "87": 3, "88": 3, "89": 3, "90": 3, "91": 3, "92": 3, "93": 3, "94": 3, "95": 3, "96": 3, "97": 3, "98": 3, "99": 3, "100": 3}, "40": {"0": 2, "1": 2, "2": 2, "3": 2, "4": 2, "5": 2, "6": 2, "7": 2, "8": 2, "9": 2, "10": 2, "11": 2, "12": 2, "13": 2, "14": 2, "15": 2, "16": 2, "17": 2, "18": 2, "19": 2, "20": 2, "21": 2, "22": 2, "23": 2, "24": 6, "25": 6, "26": 6, "27": 6, "28": 6, "29": 6, "30": 6, "31": 6, "32": 6, "33": 6, "34": 6, "35": 6, "36": 6, "37": 6, "38": 6, "39": 6, "40": 6, "41": 6, "42": 6, "43": 1, "44": 1, "45": 1, "46": 1, "47": 1, "48": 1, "49": 1, "50": 1, "51": 1, "52": 1, "53": 1, "54": 1, "55": 1, "56": 1, "57": 1, "58": 1, "59": 7, "60": 7, "61": 7, "62": 7, "63": 7, "64": 7, "65": 7, "66": 7, "67": 7, "68": 7, "69": 7, "70": 7, "71": 7, "72": 7, "73": 7, "74": 7, "75": 7, "76": 3, "77": 3, "78": 3, "79": 3, "80": 3, "81": 3, "82": 3, "83": 3, "84": 3, "85": 3, "86": 3, "87": 3, "88": 3, "89": 3, "90": 3, "91": 3, "92": 3, "93": 3, "94": 3, "95": 3, "96": 3, "97": 3, "98": 3, "99": 3, "100": 3}, "41": {"0": 2, "1": 2, "2": 2, "3": 2, "4": 2, "5": 2, "6": 2, "7": 2, "8": 2, "9": 2, "10": 2, "11": 2, "12": 2, "13": 2, "14": 2, "15": 2, "16": 2, "17": 2, "18": 2, "19": 2, "20": 2, "21": 2, "22": 2, "23": 2, "24": 2, "25": 6, "26": 6, "27": 6, "28": 6, "29": 6, "30": 6, "31": 6, "32": 6, "33": 6, "34": 6, "35": 6, "36": 6, "37": 6, "38": 6, "39": 6, "40": 6, "41": 6, "42": 6, "43": 1, "44": 1, "45": 1, "46": 1, "47": 1, "48": 1, "49": 1, "50": 1, "51": 1, "52": 1, "53": 1, "54": 1, "55": 1, "56": 1, "57": 1, "58": 1, "59": 1, "60": 7, "61": 7, "62": 7, "63": 7, "64": 7, "65": 7, "66": 7, "67": 7, "68": 7, "69": 7, "70": 7, "71": 7, "72": 7, "73": 7, "74": 7, "75": 3, "76": 3, "77": 3, "78": 3, "79": 3, "80": 3, "81": 3, "82": 3, "83": 3, "84": 3, "85": 3, "86": 3, "87": 3, "88": 3, "89": 3, "90": 3, "91": 3, "92": 3, "93": 3, "94": 3, "95": 3, "96": 3, "97": 3, "98": 3, "99": 3, "100": 3}, "42": {"0": 2, "1": 2, "2": 2, "3": 2, "4": 2, "5": 2, "6": 2, "7": 2, "8": 2, "9": 2, "10": 2, "11": 2, "12": 2, "13": 2, "14": 2, "15": 2, "16": 2, "17": 2, "18": 2, "19": 2, "20": 2, "21": 2, "22": 2, "23": 2, "24": 2, "25": 6, "26": 6, "27": 6, "28": 6, "29": 6, "30": 6, "31": 6, "32": 6, "33": 6, "34": 6, "35": 6, "36": 6, "37": 6, "38": 6, "39": 6, "40": 6, "41": 6, "42": 1, "43": 1, "44": 1, "45": 1, "46": 1, "47": 1, "48": 1, "49": 1, "50": 1, "51": 1, "52": 1, "53": 1, "54": 1, "55": 1, "56": 1, "57": 1, "58": 1, "59": 1, "60": 1, "61": 7, "62": 7, "63": 7, "64": 7, "65": 7, "66": 7, "67": 7, "68": 7, "69": 7, "70": 7, "71": 7, "72": 7, "73": 7, "74": 7, "75": 3, "76": 3, "77": 3, "78": 3, "79": 3, "80": 3, "81": 3, "82": 3, "83": 3, "84": 3, "85": 3, "86": 3, "87": 3, "88": 3, "89": 3, "90": 3, "91": 3, "92": 3, "93": 3, "94": 3, "95": 3, "96": 3, "97": 3, "98": 3, "99": 3, "100": 3}, "43": {"0": 2, "1": 2, "2": 2, "3": 2, "4": 2, "5": 2, "6": 2, "7": 2, "8": 2, "9": 2, "10": 2, "11": 2, "12": 2, "13": 2, "14": 2, "15": 2, "16": 2, "17": 2, "18": 2, "19": 2, "20": 2, "21": 2, "22": 2, "23": 2, "24": 2, "25": 2, "26": 6, "27": 6, "28": 6, "29": 6, "30": 6, "31": 6, "32": 6, "33": 6, "34": 6, "35": 6, "36": 6, "37": 6, "38": 6, "39": 6, "40": 6, "41": 1, "42": 1, "43": 1, "44": 1, "45": 1, "46": 1, "47": 1, "48": 1, "49": 1, "50": 1, "51": 1, "52": 1, "53": 1, "54": 1, "55": 1, "56": 1, "57": 1, "58": 1, "59": 1, "60": 1, "61": 1, "62": 7, "63": 7, "64": 7, "65": 7, "66": 7, "67": 7, "68": 7, "69": 7, "70": 7, "71": 7, "72": 7, "73": 7, "74": 3, "75": 3, "76": 3, "77": 3, "78": 3, "79": 3, "80": 3, "81": 3, "82": 3, "83": 3, "84": 3, "85": 3, "86": 3, "87": 3, "88": 3, "89": 3, "90": 3, "91": 3, "92": 3, "93": 3, "94": 3, "95": 3, "96": 3, "97": 3, "98": 3, "99": 3, "100": 3}, "44": {"0": 2, "1": 2, "2": 2, "3": 2, "4": 2, "5": 2, "6": 2, "7": 2, "8": 2, "9": 2, "10": 2, "11": 2, "12": 2, "13": 2, "14": 2, "15": 2, "16": 2, "17": 2, "18": 2, "19": 2, "20": 2, "21": 2, "22": 2, "23": 2, "24": 2, "25": 2, "26": 2, "27": 6, "28": 6, "29": 6, "30": 6, "31": 6, "32": 6, "33": 6, "34": 6, "35": 6, "36": 6, "37": 6, "38": 6, "39": 6, "40": 6, "41": 1, "42": 1, "43": 1, "44": 1, "45": 1, "46": 1, "47": 1, "48": 1, "49": 1, "50": 1, "51": 1, "52": 1, "53": 1, "54": 1, "55": 1, "56": 1, "57": 1, "58": 1, "59": 1, "60": 1, "61": 1, "62": 1, "63": 7, "64": 7, "65": 7, "66": 7, "67": 7, "68": 7, "69": 7, "70": 7, "71": 7, "72": 7, "73": 3, "74": 3, "75": 3, "76": 3, "77": 3, "78": 3, "79": 3, "80": 3, "81": 3, "82": 3, "83": 3, "84": 3, "85": 3, "86": 3, "87": 3, "88": 3, "89": 3, "90": 3, "91": 3, "92": 3, "93": 3, "94": 3, "95": 3, "96": 3, "97": 3, "98": 3, "99": 3, "100": 3}, "45": {"0": 2, "1": 2, "2": 2, "3": 2, "4": 2, "5": 2, "6": 2, "7": 2, "8": 2, "9": 2, "10": 2, "11": 2, "12": 2, "13": 2, "14": 2, "15": 2, "16": 2, "17": 2, "18": 2, "19": 2, "20": 2, "21": 2, "22": 2, "23": 2, "24": 2, "25": 2, "26": 2, "27": 6, "28": 6, "29": 6, "30": 6, "31": 6, "32": 6, "33": 6, "34": 6, "35": 6, "36": 6, "37": 6, "38": 6, "39": 6, "40": 1, "41": 1, "42": 1, "43": 1, "44": 1, "45": 1, "46": 1, "47": 1, "48": 1, "49": 1, "50": 1, "51": 1, "52": 1, "53": 1, "54": 1, "55": 1, "56": 1, "57": 1, "58": 1, "59": 1, "60": 1, "61": 1, "62": 1, "63": 1, "64": 7, "65": 7, "66": 7, "67": 7, "68": 7, "69": 7, "70": 7, "71": 7, "72": 3, "73": 3, "74": 3, "75": 3, "76": 3, "77": 3, "78": 3, "79": 3, "80": 3, "81": 3, "82": 3, "83": 3, "84": 3, "85": 3, "86": 3, "87": 3, "88": 3, "89": 3, "90": 3, "91": 3, "92": 3, "93": 3, "94": 3, "95": 3, "96": 3, "97": 3, "98": 3, "99": 3, "100": 3}, "46": {"0": 2, "1": 2, "2": 2, "3": 2, "4": 2, "5": 2, "6": 2, "7": 2, "8": 2, "9": 2, "10": 2, "11": 2, "12": 2, "13": 2, "14": 2, "15": 2, "16": 2, "17": 2, "18": 2, "19": 2, "20": 2, "21": 2, "22": 2, "23": 2, "24": 2, "25": 2, "26": 2, "27": 2, "28": 6, "29": 6, "30": 6, "31": 6, "32": 6, "33": 6, "34": 6, "35": 6, "36": 6, "37": 6, "38": 6, "39": 1, "40": 1, "41": 1, "42": 1, "43": 1, "44": 1, "45": 1, "46": 1, "47": 1, "48": 1, "49": 1, "50": 1, "51": 1, "52": 1, "53": 1, "54": 1, "55": 1, "56": 1, "57": 1, "58": 1, "59": 1, "60": 1, "61": 1, "62": 1, "63": 1, "64": 1, "65": 7, "66": 7, "67": 7, "68": 7, "69": 7, "70": 7, "71": 3, "72": 3, "73": 3, "74": 3, "75": 3, "76": 3, "77": 3, "78": 3, "79": 3, "80": 3, "81": 3, "82": 3, "83": 3, "84": 3, "85": 3, "86": 3, "87": 3, "88": 3, "89": 3, "90": 3, "91": 3, "92": 3, "93": 3, "94": 3, "95": 3, "96": 3, "97": 3, "98": 3, "99": 3, "100": 3}, "47": {"0": 2, "1": 2, "2": 2, "3": 2, "4": 2, "5": 2, "6": 2, "7": 2, "8": 2, "9": 2, "10": 2, "11": 2, "12": 2, "13": 2, "14": 2, "15": 2, "16": 2, "17": 2, "18": 2, "19": 2, "20": 2, "21": 2, "22": 2, "23": 2, "24": 2, "25": 2, "26": 2, "27": 2, "28": 4, "29": 4, "30": 6, "31": 6, "32": 6, "33": 6, "34": 6, "35": 6, "36": 6, "37": 6, "38": 1, "39": 1, "40": 1, "41": 1, "42": 1, "43": 1, "44": 1, "45": 1, "46": 1, "47": 1, "48": 1, "49": 1, "50": 1, "51": 1, "52": 1, "53": 1, "54": 1, "55": 1, "56": 1, "57": 1, "58": 1, "59": 1, "60": 1, "61": 1, "62": 1, "63": 1, "64": 1, "65": 1, "66": 7, "67": 7, "68": 7, "69": 7, "70": 3, "71": 3, "72": 3, "73": 3, "74": 3, "75": 3, "76": 3, "77": 3, "78": 3, "79": 3, "80": 3, "81": 3, "82": 3, "83": 3, "84": 3, "85": 3, "86": 3, "87": 3, "88": 3, "89": 3, "90": 3, "91": 3, "92": 3, "93": 3, "94": 3, "95": 3, "96": 3, "97": 3, "98": 3, "99": 3, "100": 3}, "48": {"0": 2, "1": 2, "2": 2, "3": 2, "4": 2, "5": 2, "6": 2, "7": 2, "8": 2, "9": 2, "10": 2, "11": 2, "12": 2, "13": 2, "14": 2, "15": 2, "16": 2, "17": 2, "18": 2, "19": 2, "20": 2, "21": 2, "22": 2, "23": 2, "24": 2, "25": 2, "26": 2, "27": 4, "28": 4, "29": 4, "30": 4, "31": 4, "32": 4, "33": 4, "34": 4, "35": 6, "36": 6, "37": 6, "38": 1, "39": 1, "40": 1, "41": 1, "42": 1, "43": 1, "44": 1, "45": 1, "46": 1, "47": 1, "48": 1, "49": 1, "50": 1, "51": 1, "52": 1, "53": 1, "54": 1, "55": 1, "56": 1, "57": 1, "58": 1, "59": 1, "60": 1, "61": 1, "62": 1, "63": 1, "64": 1, "65": 1, "66": 5, "67": 5, "68": 5, "69": 5, "70": 5, "71": 3, "72": 3, "73": 3, "74": 3, "75": 3, "76": 3, "77": 3, "78": 3, "79": 3, "80": 3, "81": 3, "82": 3, "83": 3, "84": 3, "85": 3, "86": 3, "87": 3, "88": 3, "89": 3, "90": 3, "91": 3, "92": 3, "93": 3, "94": 3, "95": 3, "96": 3, "97": 3, "98": 3, "99": 3, "100": 3}, "49": {"0": 2, "1": 2, "2": 2, "3": 2, "4": 2, "5": 2, "6": 2, "7": 2, "8": 2, "9": 2, "10": 2, "11": 2, "12": 2, "13": 2, "14": 2, "15": 2, "16": 2, "17": 2, "18": 2, "19": 2, "20": 2, "21": 2, "22": 2, "23": 2, "24": 2, "25": 2, "26": 4, "27": 4, "28": 4, "29": 4, "30": 4, "31": 4, "32": 4, "33": 4, "34": 4, "35": 4, "36": 4, "37": 4, "38": 1, "39": 1, "40": 1, "41": 1, "42": 1, "43": 1, "44": 1, "45": 1, "46": 1, "47": 1, "48": 1, "49": 1, "50": 1, "51": 1, "52": 1, "53": 1, "54": 1, "55": 1, "56": 1, "57": 1, "58": 1, "59": 1, "60": 1, "61": 1, "62": 1, "63": 1, "64": 1, "65": 5, "66": 5, "67": 5, "68": 5, "69": 5, "70": 5, "71": 5, "72": 3, "73": 3, "74": 3, "75": 3, "76": 3, "77": 3, "78": 3, "79": 3, "80": 3, "81": 3, "82": 3, "83": 3, "84": 3, "85": 3, "86": 3, "87": 3, "88": 3, "89": 3, "90": 3, "91": 3, "92": 3, "93": 3, "94": 3, "95": 3, "96": 3, "97": 3, "98": 3, "99": 3, "100": 3}, "50": {"0": 2, "1": 2, "2": 2, "3": 2, "4": 2, "5": 2, "6": 2, "7": 2, "8": 2, "9": 2, "10": 2, "11": 2, "12": 2, "13": 2, "14": 2, "15": 2, "16": 2, "17": 2, "18": 2, "19": 2, "20": 2, "21": 2, "22": 2, "23": 2, "24": 2, "25": 4, "26": 4, "27": 4, "28": 4, "29": 4, "30": 4, "31": 4, "32": 4, "33": 4, "34": 4, "35": 4, "36": 4, "37": 4, "38": 1, "39": 1, "40": 1, "41": 1, "42": 1, "43": 1, "44": 1, "45": 1, "46": 1, "47": 1, "48": 1, "49": 1, "50": 1, "51": 1, "52": 1, "53": 1, "54": 1, "55": 1, "56": 1, "57": 1, "58": 1, "59": 1, "60": 1, "61": 1, "62": 1, "63": 1, "64": 5, "65": 5, "66": 5, "67": 5, "68": 5, "69": 5, "70": 5, "71": 5, "72": 5, "73": 3, "74": 3, "75": 3, "76": 3, "77": 3, "78": 3, "79": 3, "80": 3, "81": 3, "82": 3, "83": 3, "84": 3, "85": 3, "86": 3, "87": 3, "88": 3, "89": 3, "90": 3, "91": 3, "92": 3, "93": 3, "94": 3, "95": 3, "96": 3, "97": 3, "98": 3, "99": 3, "100": 3}, "51": {"0": 2, "1": 2, "2": 2, "3": 2, "4": 2, "5": 2, "6": 2, "7": 2, "8": 2, "9": 2, "10": 2, "11": 2, "12": 2, "13": 2, "14": 2, "15": 2, "16": 2, "17": 2, "18": 2, "19": 2, "20": 2, "21": 2, "22": 2, "23": 2, "24": 4, "25": 4, "26": 4, "27": 4, "28": 4, "29": 4, "30": 4, "31": 4, "32": 4, "33": 4, "34": 4, "35": 4, "36": 4, "37": 4, "38": 4, "39": 1, "40": 1, "41": 1, "42": 1, "43": 1, "44": 1, "45": 1, "46": 1, "47": 1, "48": 1, "49": 1, "50": 1, "51": 1, "52": 1, "53": 1, "54": 1, "55": 1, "56": 1, "57": 1, "58": 1, "59": 1, "60": 1, "61": 1, "62": 1, "63": 1, "64": 5, "65": 5, "66": 5, "67": 5, "68": 5, "69": 5, "70": 5, "71": 5, "72": 5, "73": 3, "74": 3, "75": 3, "76": 3, "77": 3, "78": 3, "79": 3, "80": 3, "81": 3, "82": 3, "83": 3, "84": 3, "85": 3, "86": 3, "87": 3, "88": 3, "89": 3, "90": 3, "91": 3, "92": 3, "93": 3, "94": 3, "95": 3, "96": 3, "97": 3, "98": 3, "99": 3, "100": 3}, "52": {"0": 2, "1": 2, "2": 2, "3": 2, "4": 2, "5": 2, "6": 2, "7": 2, "8": 2, "9": 2, "10": 2, "11": 2, "12": 2, "13": 2, "14": 2, "15": 2, "16": 2, "17": 2, "18": 2, "19": 2, "20": 2, "21": 2, "22": 2, "23": 4, "24": 4, "25": 4, "26": 4, "27": 4, "28": 4, "29": 4, "30": 4, "31": 4, "32": 4, "33": 4, "34": 4, "35": 4, "36": 4, "37": 4, "38": 4, "39": 1, "40": 1, "41": 1, "42": 1, "43": 1, "44": 1, "45": 1, "46": 1, "47": 1, "48": 1, "49": 1, "50": 1, "51": 1, "52": 1, "53": 1, "54": 1, "55": 1, "56": 1, "57": 1, "58": 1, "59": 1, "60": 1, "61": 1, "62": 1, "63": 5, "64": 5, "65": 5, "66": 5, "67": 5, "68": 5, "69": 5, "70": 5, "71": 5, "72": 5, "73": 5, "74": 3, "75": 3, "76": 3, "77": 3, "78": 3, "79": 3, "80": 3, "81": 3, "82": 3, "83": 3, "84": 3, "85": 3, "86": 3, "87": 3, "88": 3, "89": 3, "90": 3, "91": 3, "92": 3, "93": 3, "94": 3, "95": 3, "96": 3, "97": 3, "98": 3, "99": 3, "100": 3}, "53": {"0": 2, "1": 2, "2": 2, "3": 2, "4": 2, "5": 2, "6": 2, "7": 2, "8": 2, "9": 2, "10": 2, "11": 2, "12": 2, "13": 2, "14": 2, "15": 2, "16": 2, "17": 2, "18": 2, "19": 2, "20": 2, "21": 2, "22": 4, "23": 4, "24": 4, "25": 4, "26": 4, "27": 4, "28": 4, "29": 4, "30": 4, "31": 4, "32": 4, "33": 4, "34": 4, "35": 4, "36": 4, "37": 4, "38": 4, "39": 4, "40": 1, "41": 1, "42": 1, "43": 1, "44": 1, "45": 1, "46": 1, "47": 1, "48": 1, "49": 1, "50": 1, "51": 1, "52": 1, "53": 1, "54": 1, "55": 1, "56": 1, "57": 1, "58": 1, "59": 1, "60": 1, "61": 1, "62": 5, "63": 5, "64": 5, "65": 5, "66": 5, "67": 5, "68": 5, "69": 5, "70": 5, "71": 5, "72": 5, "73": 5, "74": 5, "75": 3, "76": 3, "77": 3, "78": 3, "79": 3, "80": 3, "81": 3, "82": 3, "83": 3, "84": 3, "85": 3, "86": 3, "87": 3, "88": 3, "89": 3, "90": 3, "91": 3, "92": 3, "93": 3, "94": 3, "95": 3, "96": 3, "97": 3, "98": 3, "99": 3, "100": 3}, "54": {"0": 2, "1": 2, "2": 2, "3": 2, "4": 2, "5": 2, "6": 2, "7": 2, "8": 2, "9": 2, "10": 2, "11": 2, "12": 2, "13": 2, "14": 2, "15": 2, "16": 2, "17": 2, "18": 2, "19": 2, "20": 2, "21": 4, "22": 4, "23": 4, "24": 4, "25": 4, "26": 4, "27": 4, "28": 4, "29": 4, "30": 4, "31": 4, "32": 4, "33": 4, "34": 4, "35": 4, "36": 4, "37": 4, "38": 4, "39": 4, "40": 1, "41": 1, "42": 1, "43": 1, "44": 1, "45": 1, "46": 1, "47": 1, "48": 1, "49": 1, "50": 1, "51": 1, "52": 1, "53": 1, "54": 1, "55": 1, "56": 1, "57": 1, "58": 1, "59": 1, "60": 1, "61": 5, "62": 5, "63": 5, "64": 5, "65": 5, "66": 5, "67": 5, "68": 5, "69": 5, "70": 5, "71": 5, "72": 5, "73": 5, "74": 5, "75": 5, "76": 3, "77": 3, "78": 3, "79": 3, "80": 3, "81": 3, "82": 3, "83": 3, "84": 3, "85": 3, "86": 3, "87": 3, "88": 3, "89": 3, "90": 3, "91": 3, "92": 3, "93": 3, "94": 3, "95": 3, "96": 3, "97": 3, "98": 3, "99": 3, "100": 3}, "55": {"0": 2, "1": 2, "2": 2, "3": 2, "4": 2, "5": 2, "6": 2, "7": 2, "8": 2, "9": 2, "10": 2, "11": 2, "12": 2, "13": 2, "14": 2, "15": 2, "16": 2, "17": 2, "18": 2, "19": 2, "20": 4, "21": 4, "22": 4, "23": 4, "24": 4, "25": 4, "26": 4, "27": 4, "28": 4, "29": 4, "30": 4, "31": 4, "32": 4, "33": 4, "34": 4, "35": 4, "36": 4, "37": 4, "38": 4, "39": 4, "40": 0, "41": 0, "42": 0, "43": 0, "44": 0, "45": 1, "46": 1, "47": 1, "48": 1, "49": 1, "50": 1, "51": 1, "52": 1, "53": 1, "54": 1, "55": 1, "56": 1, "57": 1, "58": 1, "59": 1, "60": 5, "61": 5, "62": 5, "63": 5, "64": 5, "65": 5, "66": 5, "67": 5, "68": 5, "69": 5, "70": 5, "71": 5, "72": 5, "73": 5, "74": 5, "75": 5, "76": 5, "77": 3, "78": 3, "79": 3, "80": 3, "81": 3, "82": 3, "83": 3, "84": 3, "85": 3, "86": 3, "87": 3, "88": 3, "89": 3, "90": 3, "91": 3, "92": 3, "93": 3, "94": 3, "95": 3, "96": 3, "97": 3, "98": 3, "99": 3, "100": 3}, "56": {"0": 2, "1": 2, "2": 2, "3": 2, "4": 2, "5": 2, "6": 2, "7": 2, "8": 2, "9": 2, "10": 2, "11": 2, "12": 2, "13": 2, "14": 2, "15": 2, "16": 2, "17": 2, "18": 2, "19": 4, "20": 4, "21": 4, "22": 4, "23": 4, "24": 4, "25": 4, "26": 4, "27": 4, "28": 4, "29": 4, "30": 4, "31": 4, "32": 4, "33": 4, "34": 4, "35": 4, "36": 4, "37": 4, "38": 4, "39": 4, "40": 0, "41": 0, "42": 0, "43": 0, "44": 0, "45": 0, "46": 0, "47": 0, "48": 0, "49": 1, "50": 1, "51": 1, "52": 1, "53": 1, "54": 1, "55": 1, "56": 1, "57": 1, "58": 1, "59": 5, "60": 5, "61": 5, "62": 5, "63": 5, "64": 5, "65": 5, "66": 5, "67": 5, "68": 5, "69": 5, "70": 5, "71": 5, "72": 5, "73": 5, "74": 5, "75": 5, "76": 5, "77": 5, "78": 3, "79": 3, "80": 3, "81": 3, "82": 3, "83": 3, "84": 3, "85": 3, "86": 3, "87": 3, "88": 3, "89": 3, "90": 3, "91": 3, "92": 3, "93": 3, "94": 3, "95": 3, "96": 3, "97": 3, "98": 3, "99": 3, "100": 3}, "57": {"0": 2, "1": 2, "2": 2, "3": 2, "4": 2, "5": 2, "6": 2, "7": 2, "8": 2, "9": 2, "10": 2, "11": 2, "12": 2, "13": 2, "14": 2, "15": 2, "16": 2, "17": 2, "18": 4, "19": 4, "20": 4, "21": 4, "22": 4, "23": 4, "24": 4, "25": 4, "26": 4, "27": 4, "28": 4, "29": 4, "30": 4, "31": 4, "32": 4, "33": 4, "34": 4, "35": 4, "36": 4, "37": 4, "38": 4, "39": 4, "40": 0, "41": 0, "42": 0, "43": 0, "44": 0, "45": 0, "46": 0, "47": 0, "48": 0, "49": 0, "50": 0, "51": 0, "52": 0, "53": 0, "54": 1, "55": 1, "56": 1, "57": 1, "58": 5, "59": 5, "60": 5, "61": 5, "62": 5, "63": 5, "64": 5, "65": 5, "66": 5, "67": 5, "68": 5, "69": 5, "70": 5, "71": 5, "72": 5, "73": 5, "74": 5, "75": 5, "76": 5, "77": 5, "78": 5, "79": 3, "80": 3, "81": 3, "82": 3, "83": 3, "84": 3, "85": 3, "86": 3, "87": 3, "88": 3, "89": 3, "90": 3, "91": 3, "92": 3, "93": 3, "94": 3, "95": 3, "96": 3, "97": 3, "98": 3, "99": 3, "100": 3}, "58": {"0": 2, "1": 2, "2": 2, "3": 2, "4": 2, "5": 2, "6": 2, "7": 2, "8": 2, "9": 2, "10": 2, "11": 2, "12": 2, "13": 2, "14": 2, "15": 2, "16": 2, "17": 4, "18": 4, "19": 4, "20": 4, "21": 4, "22": 4, "23": 4, "24": 4, "25": 4, "26": 4, "27": 4, "28": 4, "29": 4, "30": 4, "31": 4, "32": 4, "33": 4, "34": 4, "35": 4, "36": 4, "37": 4, "38": 4, "39": 0, "40": 0, "41": 0, "42": 0, "43": 0, "44": 0, "45": 0, "46": 0, "47": 0, "48": 0, "49": 0, "50": 0, "51": 0, "52": 0, "53": 0, "54": 0, "55": 0, "56": 0, "57": 0, "58": 5, "59": 5, "60": 5, "61": 5, "62": 5, "63": 5, "64": 5, "65": 5, "66": 5, "67": 5, "68": 5, "69": 5, "70": 5, "71": 5, "72": 5, "73": 5, "74": 5, "75": 5, "76": 5, "77": 5, "78": 5, "79": 5, "80": 3, "81": 3, "82": 3, "83": 3, "84": 3, "85": 3, "86": 3, "87": 3, "88": 3, "89": 3, "90": 3, "91": 3, "92": 3, "93": 3, "94": 3, "95": 3, "96": 3, "97": 3, "98": 3, "99": 3, "100": 3}, "59": {"0": 2, "1": 2, "2": 2, "3": 2, "4": 2, "5": 2, "6": 2, "7": 2, "8": 2, "9": 2, "10": 2, "11": 2, "12": 2, "13": 2, "14": 2, "15": 2, "16": 4, "17": 4, "18": 4, "19": 4, "20": 4, "21": 4, "22": 4, "23": 4, "24": 4, "25": 4, "26": 4, "27": 4, "28": 4, "29": 4, "30": 4, "31": 4, "32": 4, "33": 4, "34": 4, "35": 4, "36": 4, "37": 4, "38": 4, "39": 0, "40": 0, "41": 0, "42": 0, "43": 0, "44": 0, "45": 0, "46": 0, "47": 0, "48": 0, "49": 0, "50": 0, "51": 0, "52": 0, "53": 0, "54": 0, "55": 0, "56": 0, "57": 0, "58": 5, "59": 5, "60": 5, "61": 5, "62": 5, "63": 5, "64": 5, "65": 5, "66": 5, "67": 5, "68": 5, "69": 5, "70": 5, "71": 5, "72": 5, "73": 5, "74": 5, "75": 5, "76": 5, "77": 5, "78": 5, "79": 5, "80": 5, "81": 3, "82": 3, "83": 3, "84": 3, "85": 3, "86": 3, "87": 3, "88": 3, "89": 3, "90": 3, "91": 3, "92": 3, "93": 3, "94": 3, "95": 3, "96": 3, "97": 3, "98": 3, "99": 3, "100": 3}, "60": {"0": 2, "1": 2, "2": 2, "3": 2, "4": 2, "5": 2, "6": 2, "7": 2, "8": 2, "9": 2, "10": 2, "11": 2, "12": 2, "13": 2, "14": 2, "15": 4, "16": 4, "17": 4, "18": 4, "19": 4, "20": 4, "21": 4, "22": 4, "23": 4, "24": 4, "25": 4, "26": 4, "27": 4, "28": 4, "29": 4, "30": 4, "31": 4, "32": 4, "33": 4, "34": 4, "35": 4, "36": 4, "37": 4, "38": 4, "39": 0, "40": 0, "41": 0, "42": 0, "43": 0, "44": 0, "45": 0, "46": 0, "47": 0, "48": 0, "49": 0, "50": 0, "51": 0, "52": 0, "53": 0, "54": 0, "55": 0, "56": 0, "57": 0, "58": 5, "59": 5, "60": 5, "61": 5, "62": 5, "63": 5, "64": 5, "65": 5, "66": 5, "67": 5, "68": 5, "69": 5, "70": 5, "71": 5, "72": 5, "73": 5, "74": 5, "75": 5, "76": 5, "77": 5, "78": 5, "79": 5, "80": 5, "81": 3, "82": 3, "83": 3, "84": 3, "85": 3, "86": 3, "87": 3, "88": 3, "89": 3, "90": 3, "91": 3, "92": 3, "93": 3, "94": 3, "95": 3, "96": 3, "97": 3, "98": 3, "99": 3, "100": 3}, "61": {"0": 2, "1": 2, "2": 2, "3": 2, "4": 2, "5": 2, "6": 2, "7": 2, "8": 2, "9": 2, "10": 2, "11": 2, "12": 2, "13": 2, "14": 4, "15": 4, "16": 4, "17": 4, "18": 4, "19": 4, "20": 4, "21": 4, "22": 4, "23": 4, "24": 4, "25": 4, "26": 4, "27": 4, "28": 4, "29": 4, "30": 4, "31": 4, "32": 4, "33": 4, "34": 4, "35": 4, "36": 4, "37": 4, "38": 4, "39": 0, "40": 0, "41": 0, "42": 0, "43": 0, "44": 0, "45": 0, "46": 0, "47": 0, "48": 0, "49": 0, "50": 0, "51": 0, "52": 0, "53": 0, "54": 0, "55": 0, "56": 0, "57": 0, "58": 5, "59": 5, "60": 5, "61": 5, "62": 5, "63": 5, "64": 5, "65": 5, "66": 5, "67": 5, "68": 5, "69": 5, "70": 5, "71": 5, "72": 5, "73": 5, "74": 5, "75": 5, "76": 5, "77": 5, "78": 5, "79": 5, "80": 5, "81": 5, "82": 3, "83": 3, "84": 3, "85": 3, "86": 3, "87": 3, "88": 3, "89": 3, "90": 3, "91": 3, "92": 3, "93": 3, "94": 3, "95": 3, "96": 3, "97": 3, "98": 3, "99": 3, "100": 3}, "62": {"0": 2, "1": 2, "2": 2, "3": 2, "4": 2, "5": 2, "6": 2, "7": 2, "8": 2, "9": 2, "10": 2, "11": 2, "12": 2, "13": 4, "14": 4, "15": 4, "16": 4, "17": 4, "18": 4, "19": 4, "20": 4, "21": 4, "22": 4, "23": 4, "24": 4, "25": 4, "26": 4, "27": 4, "28": 4, "29": 4, "30": 4, "31": 4, "32": 4, "33": 4, "34": 4, "35": 4, "36": 4, "37": 4, "38": 0, "39": 0, "40": 0, "41": 0, "42": 0, "43": 0, "44": 0, "45": 0, "46": 0, "47": 0, "48": 0, "49": 0, "50": 0, "51": 0, "52": 0, "53": 0, "54": 0, "55": 0, "56": 0, "57": 0, "58": 5, "59": 5, "60": 5, "61": 5, "62": 5, "63": 5, "64": 5, "65": 5, "66": 5, "67": 5, "68": 5, "69": 5, "70": 5, "71": 5, "72": 5, "73": 5, "74": 5, "75": 5, "76": 5, "77": 5, "78": 5, "79": 5, "80": 5, "81": 5, "82": 5, "83": 3, "84": 3, "85": 3, "86": 3, "87": 3, "88": 3, "89": 3, "90": 3, "91": 3, "92": 3, "93": 3, "94": 3, "95": 3, "96": 3, "97": 3, "98": 3, "99": 3, "100": 3}, "63": {"0": 2, "1": 2, "2": 2, "3": 2, "4": 2, "5": 2, "6": 2, "7": 2, "8": 2, "9": 2, "10": 2, "11": 2, "12": 4, "13": 4, "14": 4, "15": 4, "16": 4, "17": 4, "18": 4, "19": 4, "20": 4, "21": 4, "22": 4, "23": 4, "24": 4, "25": 4, "26": 4, "27": 4, "28": 4, "29": 4, "30": 4, "31": 4, "32": 4, "33": 4, "34": 4, "35": 4, "36": 4, "37": 4, "38": 0, "39": 0, "40": 0, "41": 0, "42": 0, "43": 0, "44": 0, "45": 0, "46": 0, "47": 0, "48": 0, "49": 0, "50": 0, "51": 0, "52": 0, "53": 0, "54": 0, "55": 0, "56": 0, "57": 0, "58": 5, "59": 5, "60": 5, "61": 5, "62": 5, "63": 5, "64": 5, "65": 5, "66": 5, "67": 5, "68": 5, "69": 5, "70": 5, "71": 5, "72": 5, "73": 5, "74": 5, "75": 5, "76": 5, "77": 5, "78": 5, "79": 5, "80": 5, "81": 5, "82": 5, "83": 5, "84": 3, "85": 3, "86": 3, "87": 3, "88": 3, "89": 3, "90": 3, "91": 3, "92": 3, "93": 3, "94": 3, "95": 3, "96": 3, "97": 3, "98": 3, "99": 3, "100": 3}, "64": {"0": 2, "1": 2, "2": 2, "3": 2, "4": 2, "5": 2, "6": 2, "7": 2, "8": 2, "9": 2, "10": 2, "11": 4, "12": 4, "13": 4, "14": 4, "15": 4, "16": 4, "17": 4, "18": 4, "19": 4, "20": 4, "21": 4, "22": 4, "23": 4, "24": 4, "25": 4, "26": 4, "27": 4, "28": 4, "29": 4, "30": 4, "31": 4, "32": 4, "33": 4, "34": 4, "35": 4, "36": 4, "37": 4, "38": 0, "39": 0, "40": 0, "41": 0, "42": 0, "43": 0, "44": 0, "45": 0, "46": 0, "47": 0, "48": 0, "49": 0, "50": 0, "51": 0, "52": 0, "53": 0, "54": 0, "55": 0, "56": 0, "57": 0, "58": 0, "59": 5, "60": 5, "61": 5, "62": 5, "63": 5, "64": 5, "65": 5, "66": 5, "67": 5, "68": 5, "69": 5, "70": 5, "71": 5, "72": 5, "73": 5, "74": 5, "75": 5, "76": 5, "77": 5, "78": 5, "79": 5, "80": 5, "81": 5, "82": 5, "83": 5, "84": 5, "85": 3, "86": 3, "87": 3, "88": 3, "89": 3, "90": 3, "91": 3, "92": 3, "93": 3, "94": 3, "95": 3, "96": 3, "97": 3, "98": 3, "99": 3, "100": 3}, "65": {"0": 2, "1": 2, "2": 2, "3": 2, "4": 2, "5": 2, "6": 2, "7": 2, "8": 2, "9": 2, "10": 4, "11": 4, "12": 4, "13": 4, "14": 4, "15": 4, "16": 4, "17": 4, "18": 4, "19": 4, "20": 4, "21": 4, "22": 4, "23": 4, "24": 4, "25": 4, "26": 4, "27": 4, "28": 4, "29": 4, "30": 4, "31": 4, "32": 4, "33": 4, "34": 4, "35": 4, "36": 4, "37": 4, "38": 0, "39": 0, "40": 0, "41": 0, "42": 0, "43": 0, "44": 0, "45": 0, "46": 0, "47": 0, "48": 0, "49": 0, "50": 0, "51": 0, "52": 0, "53": 0, "54": 0, "55": 0, "56": 0, "57": 0, "58": 0, "59": 5, "60": 5, "61": 5, "62": 5, "63": 5, "64": 5, "65": 5, "66": 5, "67": 5, "68": 5, "69": 5, "70": 5, "71": 5, "72": 5, "73": 5, "74": 5, "75": 5, "76": 5, "77": 5, "78": 5, "79": 5, "80": 5, "81": 5, "82": 5, "83": 5, "84": 5, "85": 5, "86": 3, "87": 3, "88": 3, "89": 3, "90": 3, "91": 3, "92": 3, "93": 3, "94": 3, "95": 3, "96": 3, "97": 3, "98": 3, "99": 3, "100": 3}, "66": {"0": 2, "1": 2, "2": 2, "3": 2, "4": 2, "5": 2, "6": 2, "7": 2, "8": 2, "9": 4, "10": 4, "11": 4, "12": 4, "13": 4, "14": 4, "15": 4, "16": 4, "17": 4, "18": 4, "19": 4, "20": 4, "21": 4, "22": 4, "23": 4, "24": 4, "25": 4, "26": 4, "27": 4, "28": 4, "29": 4, "30": 4, "31": 4, "32": 4, "33": 4, "34": 4, "35": 4, "36": 4, "37": 0, "38": 0, "39": 0, "40": 0, "41": 0, "42": 0, "43": 0, "44": 0, "45": 0, "46": 0, "47": 0, "48": 0, "49": 0, "50": 0, "51": 0, "52": 0, "53": 0, "54": 0, "55": 0, "56": 0, "57": 0, "58": 0, "59": 5, "60": 5, "61": 5, "62": 5, "63": 5, "64": 5, "65": 5, "66": 5, "67": 5, "68": 5, "69": 5, "70": 5, "71": 5, "72": 5, "73": 5, "74": 5, "75": 5, "76": 5, "77": 5, "78": 5, "79": 5, "80": 5, "81": 5, "82": 5, "83": 5, "84": 5, "85": 5, "86": 5, "87": 3, "88": 3, "89": 3, "90": 3, "91": 3, "92": 3, "93": 3, "94": 3, "95": 3, "96": 3, "97": 3, "98": 3, "99": 3, "100": 3}, "67": {"0": 2, "1": 2, "2": 2, "3": 2, "4": 2, "5": 2, "6": 2, "7": 2, "8": 4, "9": 4, "10": 4, "11": 4, "12": 4, "13": 4, "14": 4, "15": 4, "16": 4, "17": 4, "18": 4, "19": 4, "20": 4, "21": 4, "22": 4, "23": 4, "24": 4, "25": 4, "26": 4, "27": 4, "28": 4, "29": 4, "30": 4, "31": 4, "32": 4, "33": 4, "34": 4, "35": 4, "36": 4, "37": 0, "38": 0, "39": 0, "40": 0, "41": 0, "42": 0, "43": 0, "44": 0, "45": 0, "46": 0, "47": 0, "48": 0, "49": 0, "50": 0, "51": 0, "52": 0, "53": 0, "54": 0, "55": 0, "56": 0, "57": 0, "58": 0, "59": 5, "60": 5, "61": 5, "62": 5, "63": 5, "64": 5, "65": 5, "66": 5, "67": 5, "68": 5, "69": 5, "70": 5, "71": 5, "72": 5, "73": 5, "74": 5, "75": 5, "76": 5, "77": 5, "78": 5, "79": 5, "80": 5, "81": 5, "82": 5, "83": 5, "84": 5, "85": 5, "86": 5, "87": 5, "88": 3, "89": 3, "90": 3, "91": 3, "92": 3, "93": 3, "94": 3, "95": 3, "96": 3, "97": 3, "98": 3, "99": 3, "100": 3}, "68": {"0": 2, "1": 2, "2": 2, "3": 2, "4": 2, "5": 2, "6": 2, "7": 4, "8": 4, "9": 4, "10": 4, "11": 4, "12": 4, "13": 4, "14": 4, "15": 4, "16": 4, "17": 4, "18": 4, "19": 4, "20": 4, "21": 4, "22": 4, "23": 4, "24": 4, "25": 4, "26": 4, "27": 4, "28": 4, "29": 4, "30": 4, "31": 4, "32": 4, "33": 4, "34": 4, "35": 4, "36": 4, "37": 0, "38": 0, "39": 0, "40": 0, "41": 0, "42": 0, "43": 0, "44": 0, "45": 0, "46": 0, "47": 0, "48": 0, "49": 0, "50": 0, "51": 0, "52": 0, "53": 0, "54": 0, "55": 0, "56": 0, "57": 0, "58": 0, "59": 5, "60": 5, "61": 5, "62": 5, "63": 5, "64": 5, "65": 5, "66": 5, "67": 5, "68": 5, "69": 5, "70": 5, "71": 5, "72": 5, "73": 5, "74": 5, "75": 5, "76": 5, "77": 5, "78": 5, "79": 5, "80": 5, "81": 5, "82": 5, "83": 5, "84": 5, "85": 5, "86": 5, "87": 5, "88": 5, "89": 3, "90": 3, "91": 3, "92": 3, "93": 3, "94": 3, "95": 3, "96": 3, "97": 3, "98": 3, "99": 3, "100": 3}, "69": {"0": 2, "1": 2, "2": 2, "3": 2, "4": 2, "5": 2, "6": 4, "7": 4, "8": 4, "9": 4, "10": 4, "11": 4, "12": 4, "13": 4, "14": 4, "15": 4, "16": 4, "17": 4, "18": 4, "19": 4, "20": 4, "21": 4, "22": 4, "23": 4, "24": 4, "25": 4, "26": 4, "27": 4, "28": 4, "29": 4, "30": 4, "31": 4, "32": 4, "33": 4, "34": 4, "35": 4, "36": 4, "37": 0, "38": 0, "39": 0, "40": 0, "41": 0, "42": 0, "43": 0, "44": 0, "45": 0, "46": 0, "47": 0, "48": 0, "49": 0, "50": 0, "51": 0, "52": 0, "53": 0, "54": 0, "55": 0, "56": 0, "57": 0, "58": 0, "59": 5, "60": 5, "61": 5, "62": 5, "63": 5, "64": 5, "65": 5, "66": 5, "67": 5, "68": 5, "69": 5, "70": 5, "71": 5, "72": 5, "73": 5, "74": 5, "75": 5, "76": 5, "77": 5, "78": 5, "79": 5, "80": 5, "81": 5, "82": 5, "83": 5, "84": 5, "85": 5, "86": 5, "87": 5, "88": 5, "89": 3, "90": 3, "91": 3, "92": 3, "93": 3, "94": 3, "95": 3, "96": 3, "97": 3, "98": 3, "99": 3, "100": 3}, "70": {"0": 2, "1": 2, "2": 2, "3": 2, "4": 2, "5": 4, "6": 4, "7": 4, "8": 4, "9": 4, "10": 4, "11": 4, "12": 4, "13": 4, "14": 4, "15": 4, "16": 4, "17": 4, "18": 4, "19": 4, "20": 4, "21": 4, "22": 4, "23": 4, "24": 4, "25": 4, "26": 4, "27": 4, "28": 4, "29": 4, "30": 4, "31": 4, "32": 4, "33": 4, "34": 4, "35": 4, "36": 0, "37": 0, "38": 0, "39": 0, "40": 0, "41": 0, "42": 0, "43": 0, "44": 0, "45": 0, "46": 0, "47": 0, "48": 0, "49": 0, "50": 0, "51": 0, "52": 0, "53": 0, "54": 0, "55": 0, "56": 0, "57": 0, "58": 0, "59": 5, "60": 5, "61": 5, "62": 5, "63": 5, "64": 5, "65": 5, "66": 5, "67": 5, "68": 5, "69": 5, "70": 5, "71": 5, "72": 5, "73": 5, "74": 5, "75": 5, "76": 5, "77": 5, "78": 5, "79": 5, "80": 5, "81": 5, "82": 5, "83": 5, "84": 5, "85": 5, "86": 5, "87": 5, "88": 5, "89": 5, "90": 3, "91": 3, "92": 3, "93": 3, "94": 3, "95": 3, "96": 3, "97": 3, "98": 3, "99": 3, "100": 3}, "71": {"0": 2, "1": 2, "2": 2, "3": 2, "4": 4, "5": 4, "6": 4, "7": 4, "8": 4, "9": 4, "10": 4, "11": 4, "12": 4, "13": 4, "14": 4, "15": 4, "16": 4, "17": 4, "18": 4, "19": 4, "20": 4, "21": 4, "22": 4, "23": 4, "24": 4, "25": 4, "26": 4, "27": 4, "28": 4, "29": 4, "30": 4, "31": 4, "32": 4, "33": 4, "34": 4, "35": 4, "36": 0, "37": 0, "38": 0, "39": 0, "40": 0, "41": 0, "42": 0, "43": 0, "44": 0, "45": 0, "46": 0, "47": 0, "48": 0, "49": 0, "50": 0, "51": 0, "52": 0, "53": 0, "54": 0, "55": 0, "56": 0, "57": 0, "58": 0, "59": 0, "60": 5, "61": 5, "62": 5, "63": 5, "64": 5, "65": 5, "66": 5, "67": 5, "68": 5, "69": 5, "70": 5, "71": 5, "72": 5, "73": 5, "74": 5, "75": 5, "76": 5, "77": 5, "78": 5, "79": 5, "80": 5, "81": 5, "82": 5, "83": 5, "84": 5, "85": 5, "86": 5, "87": 5, "88": 5, "89": 5, "90": 5, "91": 3, "92": 3, "93": 3, "94": 3, "95": 3, "96": 3, "97": 3, "98": 3, "99": 3, "100": 3}, "72": {"0": 2, "1": 2, "2": 2, "3": 4, "4": 4, "5": 4, "6": 4, "7": 4, "8": 4, "9": 4, "10": 4, "11": 4, "12": 4, "13": 4, "14": 4, "15": 4, "16": 4, "17": 4, "18": 4, "19": 4, "20": 4, "21": 4, "22": 4, "23": 4, "24": 4, "25": 4, "26": 4, "27": 4, "28": 4, "29": 4, "30": 4, "31": 4, "32": 4, "33": 4, "34": 4, "35": 4, "36": 0, "37": 0, "38": 0, "39": 0, "40": 0, "41": 0, "42": 0, "43": 0, "44": 0, "45": 0, "46": 0, "47": 0, "48": 0, "49": 0, "50": 0, "51": 0, "52": 0, "53": 0, "54": 0, "55": 0, "56": 0, "57": 0, "58": 0, "59": 0, "60": 5, "61": 5, "62": 5, "63": 5, "64": 5, "65": 5, "66": 5, "67": 5, "68": 5, "69": 5, "70": 5, "71": 5, "72": 5, "73": 5, "74": 5, "75": 5, "76": 5, "77": 5, "78": 5, "79": 5, "80": 5, "81": 5, "82": 5, "83": 5, "84": 5, "85": 5, "86": 5, "87": 5, "88": 5, "89": 5, "90": 5, "91": 5, "92": 3, "93": 3, "94": 3, "95": 3, "96": 3, "97": 3, "98": 3, "99": 3, "100": 3}, "73": {"0": 2, "1": 2, "2": 4, "3": 4, "4": 4, "5": 4, "6": 4, "7": 4, "8": 4, "9": 4, "10": 4, "11": 4, "12": 4, "13": 4, "14": 4, "15": 4, "16": 4, "17": 4, "18": 4, "19": 4, "20": 4, "21": 4, "22": 4, "23": 4, "24": 4, "25": 4, "26": 4, "27": 4, "28": 4, "29": 4, "30": 4, "31": 4, "32": 4, "33": 4, "34": 4, "35": 4, "36": 0, "37": 0, "38": 0, "39": 0, "40": 0, "41": 0, "42": 0, "43": 0, "44": 0, "45": 0, "46": 0, "47": 0, "48": 0, "49": 0, "50": 0, "51": 0, "52": 0, "53": 0, "54": 0, "55": 0, "56": 0, "57": 0, "58": 0, "59": 0, "60": 5, "61": 5, "62": 5, "63": 5, "64": 5, "65": 5, "66": 5, "67": 5, "68": 5, "69": 5, "70": 5, "71": 5, "72": 5, "73": 5, "74": 5, "75": 5, "76": 5, "77": 5, "78": 5, "79": 5, "80": 5, "81": 5, "82": 5, "83": 5, "84": 5, "85": 5, "86": 5, "87": 5, "88": 5, "89": 5, "90": 5, "91": 5, "92": 5, "93": 3, "94": 3, "95": 3, "96": 3, "97": 3, "98": 3, "99": 3, "100": 3}, "74": {"0": 2, "1": 4, "2": 4, "3": 4, "4": 4, "5": 4, "6": 4, "7": 4, "8": 4, "9": 4, "10": 4, "11": 4, "12": 4, "13": 4, "14": 4, "15": 4, "16": 4, "17": 4, "18": 4, "19": 4, "20": 4, "21": 4, "22": 4, "23": 4, "24": 4, "25": 4, "26": 4, "27": 4, "28": 4, "29": 4, "30": 4, "31": 4, "32": 4, "33": 4, "34": 4, "35": 0, "36": 0, "37": 0, "38": 0, "39": 0, "40": 0, "41": 0, "42": 0, "43": 0, "44": 0, "45": 0, "46": 0, "47": 0, "48": 0, "49": 0, "50": 0, "51": 0, "52": 0, "53": 0, "54": 0, "55": 0, "56": 0, "57": 0, "58": 0, "59": 0, "60": 5, "61": 5, "62": 5, "63": 5, "64": 5, "65": 5, "66": 5, "67": 5, "68": 5, "69": 5, "70": 5, "71": 5, "72": 5, "73": 5, "74": 5, "75": 5, "76": 5, "77": 5, "78": 5, "79": 5, "80": 5, "81": 5, "82": 5, "83": 5, "84": 5, "85": 5, "86": 5, "87": 5, "88": 5, "89": 5, "90": 5, "91": 5, "92": 5, "93": 5, "94": 3, "95": 3, "96": 3, "97": 3, "98": 3, "99": 3, "100": 3}, "75": {"0": 4, "1": 4, "2": 4, "3": 4, "4": 4, "5": 4, "6": 4, "7": 4, "8": 4, "9": 4, "10": 4, "11": 4, "12": 4, "13": 4, "14": 4, "15": 4, "16": 4, "17": 4, "18": 4, "19": 4, "20": 4, "21": 4, "22": 4, "23": 4, "24": 4, "25": 4, "26": 4, "27": 4, "28": 4, "29": 4, "30": 4, "31": 4, "32": 4, "33": 4, "34": 4, "35": 0, "36": 0, "37": 0, "38": 0, "39": 0, "40": 0, "41": 0, "42": 0, "43": 0, "44": 0, "45": 0, "46": 0, "47": 0, "48": 0, "49": 0, "50": 0, "51": 0, "52": 0, "53": 0, "54": 0, "55": 0, "56": 0, "57": 0, "58": 0, "59": 0, "60": 5, "61": 5, "62": 5, "63": 5, "64": 5, "65": 5, "66": 5, "67": 5, "68": 5, "69": 5, "70": 5, "71": 5, "72": 5, "73": 5, "74": 5, "75": 5, "76": 5, "77": 5, "78": 5, "79": 5, "80": 5, "81": 5, "82": 5, "83": 5, "84": 5, "85": 5, "86": 5, "87": 5, "88": 5, "89": 5, "90": 5, "91": 5, "92": 5, "93": 5, "94": 5, "95": 3, "96": 3, "97": 3, "98": 3, "99": 3, "100": 3}, "76": {"0": 4, "1": 4, "2": 4, "3": 4, "4": 4, "5": 4, "6": 4, "7": 4, "8": 4, "9": 4, "10": 4, "11": 4, "12": 4, "13": 4, "14": 4, "15": 4, "16": 4, "17": 4, "18": 4, "19": 4, "20": 4, "21": 4, "22": 4, "23": 4, "24": 4, "25": 4, "26": 4, "27": 4, "28": 4, "29": 4, "30": 4, "31": 4, "32": 4, "33": 4, "34": 4, "35": 0, "36": 0, "37": 0, "38": 0, "39": 0, "40": 0, "41": 0, "42": 0, "43": 0, "44": 0, "45": 0, "46": 0, "47": 0, "48": 0, "49": 0, "50": 0, "51": 0, "52": 0, "53": 0, "54": 0, "55": 0, "56": 0, "57": 0, "58": 0, "59": 0, "60": 5, "61": 5, "62": 5, "63": 5, "64": 5, "65": 5, "66": 5, "67": 5, "68": 5, "69": 5, "70": 5, "71": 5, "72": 5, "73": 5, "74": 5, "75": 5, "76": 5, "77": 5, "78": 5, "79": 5, "80": 5, "81": 5, "82": 5, "83": 5, "84": 5, "85": 5, "86": 5, "87": 5, "88": 5, "89": 5, "90": 5, "91": 5, "92": 5, "93": 5, "94": 5, "95": 5, "96": 3, "97": 3, "98": 3, "99": 3, "100": 3}, "77": {"0": 4, "1": 4, "2": 4, "3": 4, "4": 4, "5": 4, "6": 4, "7": 4, "8": 4, "9": 4, "10": 4, "11": 4, "12": 4, "13": 4, "14": 4, "15": 4, "16": 4, "17": 4, "18": 4, "19": 4, "20": 4, "21": 4, "22": 4, "23": 4, "24": 4, "25": 4, "26": 4, "27": 4, "28": 4, "29": 4, "30": 4, "31": 4, "32": 4, "33": 4, "34": 4, "35": 0, "36": 0, "37": 0, "38": 0, "39": 0, "40": 0, "41": 0, "42": 0, "43": 0, "44": 0, "45": 0, "46": 0, "47": 0, "48": 0, "49": 0, "50": 0, "51": 0, "52": 0, "53": 0, "54": 0, "55": 0, "56": 0, "57": 0, "58": 0, "59": 0, "60": 5, "61": 5, "62": 5, "63": 5, "64": 5, "65": 5, "66": 5, "67": 5, "68": 5, "69": 5, "70": 5, "71": 5, "72": 5, "73": 5, "74": 5, "75": 5, "76": 5, "77": 5, "78": 5, "79": 5, "80": 5, "81": 5, "82": 5, "83": 5, "84": 5, "85": 5, "86": 5, "87": 5, "88": 5, "89": 5, "90": 5, "91": 5, "92": 5, "93": 5, "94": 5, "95": 5, "96": 5, "97": 3, "98": 3, "99": 3, "100": 3}, "78": {"0": 4, "1": 4, "2": 4, "3": 4, "4": 4, "5": 4, "6": 4, "7": 4, "8": 4, "9": 4, "10": 4, "11": 4, "12": 4, "13": 4, "14": 4, "15": 4, "16": 4, "17": 4, "18": 4, "19": 4, "20": 4, "21": 4, "22": 4, "23": 4, "24": 4, "25": 4, "26": 4, "27": 4, "28": 4, "29": 4, "30": 4, "31": 4, "32": 4, "33": 4, "34": 0, "35": 0, "36": 0, "37": 0, "38": 0, "39": 0, "40": 0, "41": 0, "42": 0, "43": 0, "44": 0, "45": 0, "46": 0, "47": 0, "48": 0, "49": 0, "50": 0, "51": 0, "52": 0, "53": 0, "54": 0, "55": 0, "56": 0, "57": 0, "58": 0, "59": 0, "60": 5, "61": 5, "62": 5, "63": 5, "64": 5, "65": 5, "66": 5, "67": 5, "68": 5, "69": 5, "70": 5, "71": 5, "72": 5, "73": 5, "74": 5, "75": 5, "76": 5, "77": 5, "78": 5, "79": 5, "80": 5, "81": 5, "82": 5, "83": 5, "84": 5, "85": 5, "86": 5, "87": 5, "88": 5, "89": 5, "90": 5, "91": 5, "92": 5, "93": 5, "94": 5, "95": 5, "96": 5, "97": 3, "98": 3, "99": 3, "100": 3}, "79": {"0": 4, "1": 4, "2": 4, "3": 4, "4": 4, "5": 4, "6": 4, "7": 4, "8": 4, "9": 4, "10": 4, "11": 4, "12": 4, "13": 4, "14": 4, "15": 4, "16": 4, "17": 4, "18": 4, "19": 4, "20": 4, "21": 4, "22": 4, "23": 4, "24": 4, "25": 4, "26": 4, "27": 4, "28": 4, "29": 4, "30": 4, "31": 4, "32": 4, "33": 4, "34": 0, "35": 0, "36": 0, "37": 0, "38": 0, "39": 0, "40": 0, "41": 0, "42": 0, "43": 0, "44": 0, "45": 0, "46": 0, "47": 0, "48": 0, "49": 0, "50": 0, "51": 0, "52": 0, "53": 0, "54": 0, "55": 0, "56": 0, "57": 0, "58": 0, "59": 0, "60": 0, "61": 5, "62": 5, "63": 5, "64": 5, "65": 5, "66": 5, "67": 5, "68": 5, "69": 5, "70": 5, "71": 5, "72": 5, "73": 5, "74": 5, "75": 5, "76": 5, "77": 5, "78": 5, "79": 5, "80": 5, "81": 5, "82": 5, "83": 5, "84": 5, "85": 5, "86": 5, "87": 5, "88": 5, "89": 5, "90": 5, "91": 5, "92": 5, "93": 5, "94": 5, "95": 5, "96": 5, "97": 5, "98": 3, "99": 3, "100": 3}, "80": {"0": 4, "1": 4, "2": 4, "3": 4, "4": 4, "5": 4, "6": 4, "7": 4, "8": 4, "9": 4, "10": 4, "11": 4, "12": 4, "13": 4, "14": 4, "15": 4, "16": 4, "17": 4, "18": 4, "19": 4, "20": 4, "21": 4, "22": 4, "23": 4, "24": 4, "25": 4, "26": 4, "27": 4, "28": 4, "29": 4, "30": 4, "31": 4, "32": 4, "33": 4, "34": 0, "35": 0, "36": 0, "37": 0, "38": 0, "39": 0, "40": 0, "41": 0, "42": 0, "43": 0, "44": 0, "45": 0, "46": 0, "47": 0, "48": 0, "49": 0, "50": 0, "51": 0, "52": 0, "53": 0, "54": 0, "55": 0, "56": 0, "57": 0, "58": 0, "59": 0, "60": 0, "61": 5, "62": 5, "63": 5, "64": 5, "65": 5, "66": 5, "67": 5, "68": 5, "69": 5, "70": 5, "71": 5, "72": 5, "73": 5, "74": 5, "75": 5, "76": 5, "77": 5, "78": 5, "79": 5, "80": 5, "81": 5, "82": 5, "83": 5, "84": 5, "85": 5, "86": 5, "87": 5, "88": 5, "89": 5, "90": 5, "91": 5, "92": 5, "93": 5, "94": 5, "95": 5, "96": 5, "97": 5, "98": 5, "99": 3, "100": 3}, "81": {"0": 4, "1": 4, "2": 4, "3": 4, "4": 4, "5": 4, "6": 4, "7": 4, "8": 4, "9": 4, "10": 4, "11": 4, "12": 4, "13": 4, "14": 4, "15": 4, "16": 4, "17": 4, "18": 4, "19": 4, "20": 4, "21": 4, "22": 4, "23": 4, "24": 4, "25": 4, "26": 4, "27": 4, "28": 4, "29": 4, "30": 4, "31": 4, "32": 4, "33": 4, "34": 0, "35": 0, "36": 0, "37": 0, "38": 0, "39": 0, "40": 0, "41": 0, "42": 0, "43": 0, "44": 0, "45": 0, "46": 0, "47": 0, "48": 0, "49": 0, "50": 0, "51": 0, "52": 0, "53": 0, "54": 0, "55": 0, "56": 0, "57": 0, "58": 0, "59": 0, "60": 0, "61": 5, "62": 5, "63": 5, "64": 5, "65": 5, "66": 5, "67": 5, "68": 5, "69": 5, "70": 5, "71": 5, "72": 5, "73": 5, "74": 5, "75": 5, "76": 5, "77": 5, "78": 5, "79": 5, "80": 5, "81": 5, "82": 5, "83": 5, "84": 5, "85": 5, "86": 5, "87": 5, "88": 5, "89": 5, "90": 5, "91": 5, "92": 5, "93": 5, "94": 5, "95": 5, "96": 5, "97": 5, "98": 5, "99": 5, "100": 3}, "82": {"0": 4, "1": 4, "2": 4, "3": 4, "4": 4, "5": 4, "6": 4, "7": 4, "8": 4, "9": 4, "10": 4, "11": 4, "12": 4, "13": 4, "14": 4, "15": 4, "16": 4, "17": 4, "18": 4, "19": 4, "20": 4, "21": 4, "22": 4, "23": 4, "24": 4, "25": 4, "26": 4, "27": 4, "28": 4, "29": 4, "30": 4, "31": 4, "32": 4, "33": 0, "34": 0, "35": 0, "36": 0, "37": 0, "38": 0, "39": 0, "40": 0, "41": 0, "42": 0, "43": 0, "44": 0, "45": 0, "46": 0, "47": 0, "48": 0, "49": 0, "50": 0, "51": 0, "52": 0, "53": 0, "54": 0, "55": 0, "56": 0, "57": 0, "58": 0, "59": 0, "60": 0, "61": 5, "62": 5, "63": 5, "64": 5, "65": 5, "66": 5, "67": 5, "68": 5, "69": 5, "70": 5, "71": 5, "72": 5, "73": 5, "74": 5, "75": 5, "76": 5, "77": 5, "78": 5, "79": 5, "80": 5, "81": 5, "82": 5, "83": 5, "84": 5, "85": 5, "86": 5, "87": 5, "88": 5, "89": 5, "90": 5, "91": 5, "92": 5, "93": 5, "94": 5, "95": 5, "96": 5, "97": 5, "98": 5, "99": 5, "100": 5}, "83": {"0": 4, "1": 4, "2": 4, "3": 4, "4": 4, "5": 4, "6": 4, "7": 4, "8": 4, "9": 4, "10": 4, "11": 4, "12": 4, "13": 4, "14": 4, "15": 4, "16": 4, "17": 4, "18": 4, "19": 4, "20": 4, "21": 4, "22": 4, "23": 4, "24": 4, "25": 4, "26": 4, "27": 4, "28": 4, "29": 4, "30": 4, "31": 4, "32": 4, "33": 0, "34": 0, "35": 0, "36": 0, "37": 0, "38": 0, "39": 0, "40": 0, "41": 0, "42": 0, "43": 0, "44": 0, "45": 0, "46": 0, "47": 0, "48": 0, "49": 0, "50": 0, "51": 0, "52": 0, "53": 0, "54": 0, "55": 0, "56": 0, "57": 0, "58": 0, "59": 0, "60": 0, "61": 5, "62": 5, "63": 5, "64": 5, "65": 5, "66": 5, "67": 5, "68": 5, "69": 5, "70": 5, "71": 5, "72": 5, "73": 5, "74": 5, "75": 5, "76": 5, "77": 5, "78": 5, "79": 5, "80": 5, "81": 5, "82": 5, "83": 5, "84": 5, "85": 5, "86": 5, "87": 5, "88": 5, "89": 5, "90": 5, "91": 5, "92": 5, "93": 5, "94": 5, "95": 5, "96": 5, "97": 5, "98": 5, "99": 5, "100": 5}, "84": {"0": 4, "1": 4, "2": 4, "3": 4, "4": 4, "5": 4, "6": 4, "7": 4, "8": 4, "9": 4, "10": 4, "11": 4, "12": 4, "13": 4, "14": 4, "15": 4, "16": 4, "17": 4, "18": 4, "19": 4, "20": 4, "21": 4, "22": 4, "23": 4, "24": 4, "25": 4, "26": 4, "27": 4, "28": 4, "29": 4, "30": 4, "31": 4, "32": 4, "33": 0, "34": 0, "35": 0, "36": 0, "37": 0, "38": 0, "39": 0, "40": 0, "41": 0, "42": 0, "43": 0, "44": 0, "45": 0, "46": 0, "47": 0, "48": 0, "49": 0, "50": 0, "51": 0, "52": 0, "53": 0, "54": 0, "55": 0, "56": 0, "57": 0, "58": 0, "59": 0, "60": 0, "61": 5, "62": 5, "63": 5, "64": 5, "65": 5, "66": 5, "67": 5, "68": 5, "69": 5, "70": 5, "71": 5, "72": 5, "73": 5, "74": 5, "75": 5, "76": 5, "77": 5, "78": 5, "79": 5, "80": 5, "81": 5, "82": 5, "83": 5, "84": 5, "85": 5, "86": 5, "87": 5, "88": 5, "89": 5, "90": 5, "91": 5, "92": 5, "93": 5, "94": 5, "95": 5, "96": 5, "97": 5, "98": 5, "99": 5, "100": 5}, "85": {"0": 4, "1": 4, "2": 4, "3": 4, "4": 4, "5": 4, "6": 4, "7": 4, "8": 4, "9": 4, "10": 4, "11": 4, "12": 4, "13": 4, "14": 4, "15": 4, "16": 4, "17": 4, "18": 4, "19": 4, "20": 4, "21": 4, "22": 4, "23": 4, "24": 4, "25": 4, "26": 4, "27": 4, "28": 4, "29": 4, "30": 4, "31": 4, "32": 4, "33": 0, "34": 0, "35": 0, "36": 0, "37": 0, "38": 0, "39": 0, "40": 0, "41": 0, "42": 0, "43": 0, "44": 0, "45": 0, "46": 0, "47": 0, "48": 0, "49": 0, "50": 0, "51": 0, "52": 0, "53": 0, "54": 0, "55": 0, "56": 0, "57": 0, "58": 0, "59": 0, "60": 0, "61": 5, "62": 5, "63": 5, "64": 5, "65": 5, "66": 5, "67": 5, "68": 5, "69": 5, "70": 5, "71": 5, "72": 5, "73": 5, "74": 5, "75": 5, "76": 5, "77": 5, "78": 5, "79": 5, "80": 5, "81": 5, "82": 5, "83": 5, "84": 5, "85": 5, "86": 5, "87": 5, "88": 5, "89": 5, "90": 5, "91": 5, "92": 5, "93": 5, "94": 5, "95": 5, "96": 5, "97": 5, "98": 5, "99": 5, "100": 5}, "86": {"0": 4, "1": 4, "2": 4, "3": 4, "4": 4, "5": 4, "6": 4, "7": 4, "8": 4, "9": 4, "10": 4, "11": 4, "12": 4, "13": 4, "14": 4, "15": 4, "16": 4, "17": 4, "18": 4, "19": 4, "20": 4, "21": 4, "22": 4, "23": 4, "24": 4, "25": 4, "26": 4, "27": 4, "28": 4, "29": 4, "30": 4, "31": 4, "32": 0, "33": 0, "34": 0, "35": 0, "36": 0, "37": 0, "38": 0, "39": 0, "40": 0, "41": 0, "42": 0, "43": 0, "44": 0, "45": 0, "46": 0, "47": 0, "48": 0, "49": 0, "50": 0, "51": 0, "52": 0, "53": 0, "54": 0, "55": 0, "56": 0, "57": 0, "58": 0, "59": 0, "60": 0, "61": 0, "62": 5, "63": 5, "64": 5, "65": 5, "66": 5, "67": 5, "68": 5, "69": 5, "70": 5, "71": 5, "72": 5, "73": 5, "74": 5, "75": 5, "76": 5, "77": 5, "78": 5, "79": 5, "80": 5, "81": 5, "82": 5, "83": 5, "84": 5, "85": 5, "86": 5, "87": 5, "88": 5, "89": 5, "90": 5, "91": 5, "92": 5, "93": 5, "94": 5, "95": 5, "96": 5, "97": 5, "98": 5, "99": 5, "100": 5}, "87": {"0": 4, "1": 4, "2": 4, "3": 4, "4": 4, "5": 4, "6": 4, "7": 4, "8": 4, "9": 4, "10": 4, "11": 4, "12": 4, "13": 4, "14": 4, "15": 4, "16": 4, "17": 4, "18": 4, "19": 4, "20": 4, "21": 4, "22": 4, "23": 4, "24": 4, "25": 4, "26": 4, "27": 4, "28": 4, "29": 4, "30": 4, "31": 4, "32": 0, "33": 0, "34": 0, "35": 0, "36": 0, "37": 0, "38": 0, "39": 0, "40": 0, "41": 0, "42": 0, "43": 0, "44": 0, "45": 0, "46": 0, "47": 0, "48": 0, "49": 0, "50": 0, "51": 0, "52": 0, "53": 0, "54": 0, "55": 0, "56": 0, "57": 0, "58": 0, "59": 0, "60": 0, "61": 0, "62": 5, "63": 5, "64": 5, "65": 5, "66": 5, "67": 5, "68": 5, "69": 5, "70": 5, "71": 5, "72": 5, "73": 5, "74": 5, "75": 5, "76": 5, "77": 5, "78": 5, "79": 5, "80": 5, "81": 5, "82": 5, "83": 5, "84": 5, "85": 5, "86": 5, "87": 5, "88": 5, "89": 5, "90": 5, "91": 5, "92": 5, "93": 5, "94": 5, "95": 5, "96": 5, "97": 5, "98": 5, "99": 5, "100": 5}, "88": {"0": 4, "1": 4, "2": 4, "3": 4, "4": 4, "5": 4, "6": 4, "7": 4, "8": 4, "9": 4, "10": 4, "11": 4, "12": 4, "13": 4, "14": 4, "15": 4, "16": 4, "17": 4, "18": 4, "19": 4, "20": 4, "21": 4, "22": 4, "23": 4, "24": 4, "25": 4, "26": 4, "27": 4, "28": 4, "29": 4, "30": 4, "31": 4, "32": 0, "33": 0, "34": 0, "35": 0, "36": 0, "37": 0, "38": 0, "39": 0, "40": 0, "41": 0, "42": 0, "43": 0, "44": 0, "45": 0, "46": 0, "47": 0, "48": 0, "49": 0, "50": 0, "51": 0, "52": 0, "53": 0, "54": 0, "55": 0, "56": 0, "57": 0, "58": 0, "59": 0, "60": 0, "61": 0, "62": 5, "63": 5, "64": 5, "65": 5, "66": 5, "67": 5, "68": 5, "69": 5, "70": 5, "71": 5, "72": 5, "73": 5, "74": 5, "75": 5, "76": 5, "77": 5, "78": 5, "79": 5, "80": 5, "81": 5, "82": 5, "83": 5, "84": 5, "85": 5, "86": 5, "87": 5, "88": 5, "89": 5, "90": 5, "91": 5, "92": 5, "93": 5, "94": 5, "95": 5, "96": 5, "97": 5, "98": 5, "99": 5, "100": 5}, "89": {"0": 4, "1": 4, "2": 4, "3": 4, "4": 4, "5": 4, "6": 4, "7": 4, "8": 4, "9": 4, "10": 4, "11": 4, "12": 4, "13": 4, "14": 4, "15": 4, "16": 4, "17": 4, "18": 4, "19": 4, "20": 4, "21": 4, "22": 4, "23": 4, "24": 4, "25": 4, "26": 4, "27": 4, "28": 4, "29": 4, "30": 4, "31": 4, "32": 0, "33": 0, "34": 0, "35": 0, "36": 0, "37": 0, "38": 0, "39": 0, "40": 0, "41": 0, "42": 0, "43": 0, "44": 0, "45": 0, "46": 0, "47": 0, "48": 0, "49": 0, "50": 0, "51": 0, "52": 0, "53": 0, "54": 0, "55": 0, "56": 0, "57": 0, "58": 0, "59": 0, "60": 0, "61": 0, "62": 5, "63": 5, "64": 5, "65": 5, "66": 5, "67": 5, "68": 5, "69": 5, "70": 5, "71": 5, "72": 5, "73": 5, "74": 5, "75": 5, "76": 5, "77": 5, "78": 5, "79": 5, "80": 5, "81": 5, "82": 5, "83": 5, "84": 5, "85": 5, "86": 5, "87": 5, "88": 5, "89": 5, "90": 5, "91": 5, "92": 5, "93": 5, "94": 5, "95": 5, "96": 5, "97": 5, "98": 5, "99": 5, "100": 5}, "90": {"0": 4, "1": 4, "2": 4, "3": 4, "4": 4, "5": 4, "6": 4, "7": 4, "8": 4, "9": 4, "10": 4, "11": 4, "12": 4, "13": 4, "14": 4, "15": 4, "16": 4, "17": 4, "18": 4, "19": 4, "20": 4, "21": 4, "22": 4, "23": 4, "24": 4, "25": 4, "26": 4, "27": 4, "28": 4, "29": 4, "30": 4, "31": 0, "32": 0, "33": 0, "34": 0, "35": 0, "36": 0, "37": 0, "38": 0, "39": 0, "40": 0, "41": 0, "42": 0, "43": 0, "44": 0, "45": 0, "46": 0, "47": 0, "48": 0, "49": 0, "50": 0, "51": 0, "52": 0, "53": 0, "54": 0, "55": 0, "56": 0, "57": 0, "58": 0, "59": 0, "60": 0, "61": 0, "62": 5, "63": 5, "64": 5, "65": 5, "66": 5, "67": 5, "68": 5, "69": 5, "70": 5, "71": 5, "72": 5, "73": 5, "74": 5, "75": 5, "76": 5, "77": 5, "78": 5, "79": 5, "80": 5, "81": 5, "82": 5, "83": 5, "84": 5, "85": 5, "86": 5, "87": 5, "88": 5, "89": 5, "90": 5, "91": 5, "92": 5, "93": 5, "94": 5, "95": 5, "96": 5, "97": 5, "98": 5, "99": 5, "100": 5}, "91": {"0": 4, "1": 4, "2": 4, "3": 4, "4": 4, "5": 4, "6": 4, "7": 4, "8": 4, "9": 4, "10": 4, "11": 4, "12": 4, "13": 4, "14": 4, "15": 4, "16": 4, "17": 4, "18": 4, "19": 4, "20": 4, "21": 4, "22": 4, "23": 4, "24": 4, "25": 4, "26": 4, "27": 4, "28": 4, "29": 4, "30": 4, "31": 0, "32": 0, "33": 0, "34": 0, "35": 0, "36": 0, "37": 0, "38": 0, "39": 0, "40": 0, "41": 0, "42": 0, "43": 0, "44": 0, "45": 0, "46": 0, "47": 0, "48": 0, "49": 0, "50": 0, "51": 0, "52": 0, "53": 0, "54": 0, "55": 0, "56": 0, "57": 0, "58": 0, "59": 0, "60": 0, "61": 0, "62": 5, "63": 5, "64": 5, "65": 5, "66": 5, "67": 5, "68": 5, "69": 5, "70": 5, "71": 5, "72": 5, "73": 5, "74": 5, "75": 5, "76": 5, "77": 5, "78": 5, "79": 5, "80": 5, "81": 5, "82": 5, "83": 5, "84": 5, "85": 5, "86": 5, "87": 5, "88": 5, "89": 5, "90": 5, "91": 5, "92": 5, "93": 5, "94": 5, "95": 5, "96": 5, "97": 5, "98": 5, "99": 5, "100": 5}, "92": {"0": 4, "1": 4, "2": 4, "3": 4, "4": 4, "5": 4, "6": 4, "7": 4, "8": 4, "9": 4, "10": 4, "11": 4, "12": 4, "13": 4, "14": 4, "15": 4, "16": 4, "17": 4, "18": 4, "19": 4, "20": 4, "21": 4, "22": 4, "23": 4, "24": 4, "25": 4, "26": 4, "27": 4, "28": 4, "29": 4, "30": 4, "31": 0, "32": 0, "33": 0, "34": 0, "35": 0, "36": 0, "37": 0, "38": 0, "39": 0, "40": 0, "41": 0, "42": 0, "43": 0, "44": 0, "45": 0, "46": 0, "47": 0, "48": 0, "49": 0, "50": 0, "51": 0, "52": 0, "53": 0, "54": 0, "55": 0, "56": 0, "57": 0, "58": 0, "59": 0, "60": 0, "61": 0, "62": 5, "63": 5, "64": 5, "65": 5, "66": 5, "67": 5, "68": 5, "69": 5, "70": 5, "71": 5, "72": 5, "73": 5, "74": 5, "75": 5, "76": 5, "77": 5, "78": 5, "79": 5, "80": 5, "81": 5, "82": 5, "83": 5, "84": 5, "85": 5, "86": 5, "87": 5, "88": 5, "89": 5, "90": 5, "91": 5, "92": 5, "93": 5, "94": 5, "95": 5, "96": 5, "97": 5, "98": 5, "99": 5, "100": 5}, "93": {"0": 4, "1": 4, "2": 4, "3": 4, "4": 4, "5": 4, "6": 4, "7": 4, "8": 4, "9": 4, "10": 4, "11": 4, "12": 4, "13": 4, "14": 4, "15": 4, "16": 4, "17": 4, "18": 4, "19": 4, "20": 4, "21": 4, "22": 4, "23": 4, "24": 4, "25": 4, "26": 4, "27": 4, "28": 4, "29": 4, "30": 4, "31": 0, "32": 0, "33": 0, "34": 0, "35": 0, "36": 0, "37": 0, "38": 0, "39": 0, "40": 0, "41": 0, "42": 0, "43": 0, "44": 0, "45": 0, "46": 0, "47": 0, "48": 0, "49": 0, "50": 0, "51": 0, "52": 0, "53": 0, "54": 0, "55": 0, "56": 0, "57": 0, "58": 0, "59": 0, "60": 0, "61": 0, "62": 0, "63": 5, "64": 5, "65": 5, "66": 5, "67": 5, "68": 5, "69": 5, "70": 5, "71": 5, "72": 5, "73": 5, "74": 5, "75": 5, "76": 5, "77": 5, "78": 5, "79": 5, "80": 5, "81": 5, "82": 5, "83": 5, "84": 5, "85": 5, "86": 5, "87": 5, "88": 5, "89": 5, "90": 5, "91": 5, "92": 5, "93": 5, "94": 5, "95": 5, "96": 5, "97": 5, "98": 5, "99": 5, "100": 5}, "94": {"0": 4, "1": 4, "2": 4, "3": 4, "4": 4, "5": 4, "6": 4, "7": 4, "8": 4, "9": 4, "10": 4, "11": 4, "12": 4, "13": 4, "14": 4, "15": 4, "16": 4, "17": 4, "18": 4, "19": 4, "20": 4, "21": 4, "22": 4, "23": 4, "24": 4, "25": 4, "26": 4, "27": 4, "28": 4, "29": 4, "30": 0, "31": 0, "32": 0, "33": 0, "34": 0, "35": 0, "36": 0, "37": 0, "38": 0, "39": 0, "40": 0, "41": 0, "42": 0, "43": 0, "44": 0, "45": 0, "46": 0, "47": 0, "48": 0, "49": 0, "50": 0, "51": 0, "52": 0, "53": 0, "54": 0, "55": 0, "56": 0, "57": 0, "58": 0, "59": 0, "60": 0, "61": 0, "62": 0, "63": 5, "64": 5, "65": 5, "66": 5, "67": 5, "68": 5, "69": 5, "70": 5, "71": 5, "72": 5, "73": 5, "74": 5, "75": 5, "76": 5, "77": 5, "78": 5, "79": 5, "80": 5, "81": 5, "82": 5, "83": 5, "84": 5, "85": 5, "86": 5, "87": 5, "88": 5, "89": 5, "90": 5, "91": 5, "92": 5, "93": 5, "94": 5, "95": 5, "96": 5, "97": 5, "98": 5, "99": 5, "100": 5}, "95": {"0": 4, "1": 4, "2": 4, "3": 4, "4": 4, "5": 4, "6": 4, "7": 4, "8": 4, "9": 4, "10": 4, "11": 4, "12": 4, "13": 4, "14": 4, "15": 4, "16": 4, "17": 4, "18": 4, "19": 4, "20": 4, "21": 4, "22": 4, "23": 4, "24": 4, "25": 4, "26": 4, "27": 4, "28": 4, "29": 4, "30": 0, "31": 0, "32": 0, "33": 0, "34": 0, "35": 0, "36": 0, "37": 0, "38": 0, "39": 0, "40": 0, "41": 0, "42": 0, "43": 0, "44": 0, "45": 0, "46": 0, "47": 0, "48": 0, "49": 0, "50": 0, "51": 0, "52": 0, "53": 0, "54": 0, "55": 0, "56": 0, "57": 0, "58": 0, "59": 0, "60": 0, "61": 0, "62": 0, "63": 5, "64": 5, "65": 5, "66": 5, "67": 5, "68": 5, "69": 5, "70": 5, "71": 5, "72": 5, "73": 5, "74": 5, "75": 5, "76": 5, "77": 5, "78": 5, "79": 5, "80": 5, "81": 5, "82": 5, "83": 5, "84": 5, "85": 5, "86": 5, "87": 5, "88": 5, "89": 5, "90": 5, "91": 5, "92": 5, "93": 5, "94": 5, "95": 5, "96": 5, "97": 5, "98": 5, "99": 5, "100": 5}, "96": {"0": 4, "1": 4, "2": 4, "3": 4, "4": 4, "5": 4, "6": 4, "7": 4, "8": 4, "9": 4, "10": 4, "11": 4, "12": 4, "13": 4, "14": 4, "15": 4, "16": 4, "17": 4, "18": 4, "19": 4, "20": 4, "21": 4, "22": 4, "23": 4, "24": 4, "25": 4, "26": 4, "27": 4, "28": 4, "29": 4, "30": 0, "31": 0, "32": 0, "33": 0, "34": 0, "35": 0, "36": 0, "37": 0, "38": 0, "39": 0, "40": 0, "41": 0, "42": 0, "43": 0, "44": 0, "45": 0, "46": 0, "47": 0, "48": 0, "49": 0, "50": 0, "51": 0, "52": 0, "53": 0, "54": 0, "55": 0, "56": 0, "57": 0, "58": 0, "59": 0, "60": 0, "61": 0, "62": 0, "63": 5, "64": 5, "65": 5, "66": 5, "67": 5, "68": 5, "69": 5, "70": 5, "71": 5, "72": 5, "73": 5, "74": 5, "75": 5, "76": 5, "77": 5, "78": 5, "79": 5, "80": 5, "81": 5, "82": 5, "83": 5, "84": 5, "85": 5, "86": 5, "87": 5, "88": 5, "89": 5, "90": 5, "91": 5, "92": 5, "93": 5, "94": 5, "95": 5, "96": 5, "97": 5, "98": 5, "99": 5, "100": 5}, "97": {"0": 4, "1": 4, "2": 4, "3": 4, "4": 4, "5": 4, "6": 4, "7": 4, "8": 4, "9": 4, "10": 4, "11": 4, "12": 4, "13": 4, "14": 4, "15": 4, "16": 4, "17": 4, "18": 4, "19": 4, "20": 4, "21": 4, "22": 4, "23": 4, "24": 4, "25": 4, "26": 4, "27": 4, "28": 4, "29": 4, "30": 0, "31": 0, "32": 0, "33": 0, "34": 0, "35": 0, "36": 0, "37": 0, "38": 0, "39": 0, "40": 0, "41": 0, "42": 0, "43": 0, "44": 0, "45": 0, "46": 0, "47": 0, "48": 0, "49": 0, "50": 0, "51": 0, "52": 0, "53": 0, "54": 0, "55": 0, "56": 0, "57": 0, "58": 0, "59": 0, "60": 0, "61": 0, "62": 0, "63": 5, "64": 5, "65": 5, "66": 5, "67": 5, "68": 5, "69": 5, "70": 5, "71": 5, "72": 5, "73": 5, "74": 5, "75": 5, "76": 5, "77": 5, "78": 5, "79": 5, "80": 5, "81": 5, "82": 5, "83": 5, "84": 5, "85": 5, "86": 5, "87": 5, "88": 5, "89": 5, "90": 5, "91": 5, "92": 5, "93": 5, "94": 5, "95": 5, "96": 5, "97": 5, "98": 5, "99": 5, "100": 5}, "98": {"0": 4, "1": 4, "2": 4, "3": 4, "4": 4, "5": 4, "6": 4, "7": 4, "8": 4, "9": 4, "10": 4, "11": 4, "12": 4, "13": 4, "14": 4, "15": 4, "16": 4, "17": 4, "18": 4, "19": 4, "20": 4, "21": 4, "22": 4, "23": 4, "24": 4, "25": 4, "26": 4, "27": 4, "28": 4, "29": 0, "30": 0, "31": 0, "32": 0, "33": 0, "34": 0, "35": 0, "36": 0, "37": 0, "38": 0, "39": 0, "40": 0, "41": 0, "42": 0, "43": 0, "44": 0, "45": 0, "46": 0, "47": 0, "48": 0, "49": 0, "50": 0, "51": 0, "52": 0, "53": 0, "54": 0, "55": 0, "56": 0, "57": 0, "58": 0, "59": 0, "60": 0, "61": 0, "62": 0, "63": 5, "64": 5, "65": 5, "66": 5, "67": 5, "68": 5, "69": 5, "70": 5, "71": 5, "72": 5, "73": 5, "74": 5, "75": 5, "76": 5, "77": 5, "78": 5, "79": 5, "80": 5, "81": 5, "82": 5, "83": 5, "84": 5, "85": 5, "86": 5, "87": 5, "88": 5, "89": 5, "90": 5, "91": 5, "92": 5, "93": 5, "94": 5, "95": 5, "96": 5, "97": 5, "98": 5, "99": 5, "100": 5}, "99": {"0": 4, "1": 4, "2": 4, "3": 4, "4": 4, "5": 4, "6": 4, "7": 4, "8": 4, "9": 4, "10": 4, "11": 4, "12": 4, "13": 4, "14": 4, "15": 4, "16": 4, "17": 4, "18": 4, "19": 4, "20": 4, "21": 4, "22": 4, "23": 4, "24": 4, "25": 4, "26": 4, "27": 4, "28": 4, "29": 0, "30": 0, "31": 0, "32": 0, "33": 0, "34": 0, "35": 0, "36": 0, "37": 0, "38": 0, "39": 0, "40": 0, "41": 0, "42": 0, "43": 0, "44": 0, "45": 0, "46": 0, "47": 0, "48": 0, "49": 0, "50": 0, "51": 0, "52": 0, "53": 0, "54": 0, "55": 0, "56": 0, "57": 0, "58": 0, "59": 0, "60": 0, "61": 0, "62": 0, "63": 5, "64": 5, "65": 5, "66": 5, "67": 5, "68": 5, "69": 5, "70": 5, "71": 5, "72": 5, "73": 5, "74": 5, "75": 5, "76": 5, "77": 5, "78": 5, "79": 5, "80": 5, "81": 5, "82": 5, "83": 5, "84": 5, "85": 5, "86": 5, "87": 5, "88": 5, "89": 5, "90": 5, "91": 5, "92": 5, "93": 5, "94": 5, "95": 5, "96": 5, "97": 5, "98": 5, "99": 5, "100": 5}, "100": {"0": 4, "1": 4, "2": 4, "3": 4, "4": 4, "5": 4, "6": 4, "7": 4, "8": 4, "9": 4, "10": 4, "11": 4, "12": 4, "13": 4, "14": 4, "15": 4, "16": 4, "17": 4, "18": 4, "19": 4, "20": 4, "21": 4, "22": 4, "23": 4, "24": 4, "25": 4, "26": 4, "27": 4, "28": 4, "29": 0, "30": 0, "31": 0, "32": 0, "33": 0, "34": 0, "35": 0, "36": 0, "37": 0, "38": 0, "39": 0, "40": 0, "41": 0, "42": 0, "43": 0, "44": 0, "45": 0, "46": 0, "47": 0, "48": 0, "49": 0, "50": 0, "51": 0, "52": 0, "53": 0, "54": 0, "55": 0, "56": 0, "57": 0, "58": 0, "59": 0, "60": 0, "61": 0, "62": 0, "63": 5, "64": 5, "65": 5, "66": 5, "67": 5, "68": 5, "69": 5, "70": 5, "71": 5, "72": 5, "73": 5, "74": 5, "75": 5, "76": 5, "77": 5, "78": 5, "79": 5, "80": 5, "81": 5, "82": 5, "83": 5, "84": 5, "85": 5, "86": 5, "87": 5, "88": 5, "89": 5, "90": 5, "91": 5, "92": 5, "93": 5, "94": 5, "95": 5, "96": 5, "97": 5, "98": 5, "99": 5, "100": 5}}